 Sigla , Data de abertura , SHOPPING/STREET , Salão de Vendas - m² , Cidade , Local , Estado , Região 
 IBI ,31/8/1976, SHOPPING MALL , 2.705 , SÃO PAULO , SHOPPING IBIRAPUERA , SP , Sudeste 
 CAC ,15/9/1977, STREET , 2.256 , CAMPINAS , CAMPINAS - CENTRO , SP , Sudeste 
 CBC ,13/10/1977, STREET , 3.652 , CURITIBA , CURITIBA-CENTRO , PR , Sul 
 PAC ,31/8/1978, STREET , 3.366 , PORTO ALEGRE , PORTO ALEGRE , RS , Sul 
 COP ,28/8/1979, STREET , 2.173 , RIO DE JANEIRO , COPACABANA , RJ , Sudeste 
 BHS ,13/9/1979, SHOPPING MALL , 2.030 , BELO HORIZONTE , BH SHOPPING , MG , Sudeste 
 STA ,17/4/1980, STREET , 1.882 , SANTO ANDRE , SANTO ANDRE CENTRO , SP , Sudeste 
 CAS ,7/5/1980, SHOPPING MALL , 2.034 , CAMPINAS , SHOPPING IGUATEMI CAMPINAS , SP , Sudeste 
 RAO ,6/5/1981, SHOPPING MALL , 2.118 , RIBEIRÃO PRETO , RIBEIRAO SHOPPING , SP , Sudeste 
 TIJ ,27/8/1981, STREET , 2.737 , RIO DE JANEIRO , TIJUCA , RJ , Sudeste 
 GYN ,13/10/1981, SHOPPING MALL , 1.930 , GOIANIA , FLAMBOYANT SHOPPING CENTER , GO , Centro oeste 
 BAR ,27/10/1981, SHOPPING MALL , 3.490 , RIO DE JANEIRO , BARRA SHOPPING , RJ , Sudeste 
 MRB ,3/5/1982, SHOPPING MALL , 3.164 , SÃO PAULO , SHOPPING MORUMBI , SP , Sudeste 
 BHC ,31/8/1982, STREET , 3.348 , BELO HORIZONTE , BELO HORIZONTE , MG , Sudeste 
 STS ,16/9/1982, STREET , 2.678 , SANTOS , CONJTO ATLANTICO (SHOPPING) , SP , Sudeste 
 PAS ,14/4/1983, SHOPPING MALL , 2.642 , CAXIAS DO SUL , SHOPPING CENTER IGUATEMI , RS , Sul 
 BSC ,26/4/1983, SHOPPING MALL , 2.014 , BRASILIA , SHOPPING CONJUNTO NACIONAL , DF , Centro oeste 
 BSP ,8/11/1983, SHOPPING MALL , 2.995 , BRASILIA , PARK SHOPPING , DF , Centro oeste 
 SCN ,7/4/1984, SHOPPING MALL , 3.469 , SÃO PAULO , SHOPPING CENTER NORTE , SP , Sudeste 
 SVI ,10/10/1985, SHOPPING MALL , 4.877 , SALVADOR , SHOPPING IGUATEMI BAHIA , BA , Nordeste 
 OUV ,12/11/1985, STREET , 3.095 , RIO DE JANEIRO , OUVIDOR , RJ , Sudeste 
 MDU ,14/11/1985, STREET , 3.357 , RIO DE JANEIRO , MADUREIRA , RJ , Sudeste 
 SVP ,20/11/1985, SHOPPING MALL , 4.305 , SALVADOR , SHOPPING PIEDADE , BA , Nordeste 
 RES ,20/3/1986, SHOPPING MALL , 3.143 , RECIFE , SHOPPING RECIFE , PE , Nordeste 
 NIT ,3/10/1986, SHOPPING MALL , 2.953 , NITEROI , PLAZA SHOPPING NITEROI , RJ , Sudeste 
 SJC ,28/5/1987, SHOPPING MALL , 2.014 , SÃO JOSÉ DOS CAMPOS  , CENTER VALE SHOPPING , SP , Sudeste 
 REC ,5/11/1987, STREET , 3.379 , RECIFE , RECIFE - CENTRO , PE , Nordeste 
 SVB ,16/11/1987, SHOPPING MALL , 1.787 , SALVADOR , SHOPPING BARRA , BA , Nordeste 
 IGT ,28/4/1988, SHOPPING MALL , 1.639 , SÃO PAULO , SHOPPING IGUATEMI , SP , Sudeste 
 SBC ,25/8/1988, STREET , 2.424 , SÃO BERNARDO DO CAMPO , SAO BERNARDO DO CAMPO , SP , Sudeste 
 ITL ,28/9/1988, SHOPPING MALL , 2.908 , SÃO PAULO , SHOPPING INTERLAGOS , SP , Sudeste 
 NOR ,30/3/1989, SHOPPING MALL , 3.219 , RIO DE JANEIRO , NORTE SHOPPING , RJ , Sudeste 
 MCO ,11/4/1989, SHOPPING MALL , 2.831 , MACEIO , SHOPPING IGUATEMI MACEIO , AL , Nordeste 
 JND ,24/10/1989, SHOPPING MALL , 1.778 , JUNDIAÍ , MAXI SHOPPING , SP , Sudeste 
 MEY ,25/4/1991, SHOPPING MALL , 2.015 , RIO DE JANEIRO , SHOPPING MEYER , RJ , Sudeste 
 WPS ,2/5/1991, SHOPPING MALL , 2.006 , SÃO PAULO , SHOPPING WEST PLAZA , SP , Sudeste 
 ARI ,19/9/1991, SHOPPING MALL , 2.603 , SÃO PAULO , SHOPPING ARICANDUVA , SP , Sudeste 
 BHM ,25/9/1991, SHOPPING MALL , 3.077 , BELO HORIZONTE , MINAS SHOPPING , MG , Sudeste 
 BHD ,28/10/1991, SHOPPING MALL , 1.685 , BELO HORIZONTE , SHOPPING DEL REY , MG , Sudeste 
 VSH ,30/9/1993, SHOPPING MALL , 2.331 , VITORIA , VITORIA SHOPPING , ES , Sudeste 
 BEI ,27/10/1993, SHOPPING MALL , 3.604 , BELEM , SHOPPING PÁTIO BELEM , PA , Norte 
 PAB ,29/10/1993, SHOPPING MALL , 2.050 , PORTO ALEGRE , SHOPPING PRAIA DE BELAS , RS , Sul 
 SPS ,26/4/1994, SHOPPING MALL , 2.226 , SÃO PAULO , SHOPING PLAZA SUL , SP , Sudeste 
 NIG ,15/9/1994, STREET , 2.394 , NOVA IGUAÇU , NOVA IGUACU , RJ , Sudeste 
 SPC ,19/9/1995, STREET , 2.007 , SÃO PAULO , SAO PAULO CENTRO , SP , Sudeste 
 FOC ,28/9/1995, STREET , 2.051 , FORTALEZA , FORTALEZA CENTRO , CE , Nordeste 
 DQE ,26/10/1995, STREET , 2.616 , DUQUE DE CAXIAS , DUQUE DE CAXIAS , RJ , Sudeste 
 FOS ,16/11/1995, SHOPPING MALL , 2.855 , FORTALEZA , SHOPPING IGUATEMI FORTALEZA , CE , Nordeste 
 NAT ,25/4/1996, STREET , 1.907 , NATAL , NATAL , RN , Nordeste 
 CBS ,30/10/1996, SHOPPING MALL , 2.250 , CURITIBA , SHOPPING CURITIBA , PR , Sul 
 RET ,29/4/1997, SHOPPING MALL , 2.040 , RECIFE , SHOPPING TACARUNA , PE , Nordeste 
 ABC ,2/5/1997, SHOPPING MALL , 1.687 , SANTO ANDRE , SHOPPING ABC , SP , Sudeste 
 PEL ,23/10/1997, STREET , 1.643 , PELOTAS , PELOTAS CENTRO , RS , Sul 
 TAM ,28/10/1997, SHOPPING MALL , 2.368 , SÃO PAULO , SHOPPING METRO TATUAPE , SP , Sudeste 
 BPB ,29/10/1997, SHOPPING MALL , 2.044 , BRASILIA , PATIO BRASIL SHOPPING , DF , Centro oeste 
 HAM ,2/4/1998, SHOPPING MALL , 1.997 , NOVO HAMBURGO , SHOPPING NOVO HAMBURGO , RS , Sul 
 JOA ,14/4/1998, STREET , 2.298 , JOÃO PESSOA , JOAO PESSOA , PB , Nordeste 
 PSA ,15/4/1998, SHOPPING MALL , 1.998 , SANTO ANDRE , ABC PLAZA SHOPPING , SP , Sudeste 
 AJU ,16/4/1998, SHOPPING MALL , 1.844 , ARACAJU , SHOPPING JARDINS , SE , Nordeste 
 GRU ,12/11/1998, SHOPPING MALL , 1.979 , GUARULHOS , SHOPPING INTERNACIONAL , SP , Sudeste 
 CEN ,30/9/1999, SHOPPING MALL , 1.655 , SÃO PAULO , CENTRAL PLAZA SHOPPING , SP , Sudeste 
 GOI ,26/4/2000, SHOPPING MALL , 1.993 , GOIANIA , GOIANIA SHOPPING , GO , Centro oeste 
 SLZ ,27/4/2000, STREET , 2.694 , SÃO LUIS , SAO LUIZ , MA , Nordeste 
 FEI ,5/10/2000, SHOPPING MALL , 2.040 , FEIRA DE SANTANA , SHOPP. IGUAT. FEIRA DE SANT , BA , Nordeste 
 CBM ,26/10/2000, SHOPPING MALL , 1.221 , CURITIBA , SHOPPING MULLER , PR , Sul 
 TAS ,16/11/2000, SHOPPING MALL , 1.828 , BRASILIA , SHOPPING TAGUATINGA , DF , Centro oeste 
 CPO ,17/11/2000, SHOPPING MALL , 1.819 , RIO DE JANEIRO , SHOPP. PASSEIO CAMPO GRANDE , RJ , Sudeste 
 MAS ,23/11/2000, SHOPPING MALL , 2.178 , MANAUS , AMAZONAS SHOPPING , AM , Norte 
 CAR ,8/5/2001, SHOPPING MALL , 1.726 , RIO DE JANEIRO , SHOPPING CARIOCA , RJ , Sudeste 
 REG ,8/11/2001, SHOPPING MALL , 2.365 , JABOATÃO DOS GUARARAPES , SHOPPING GUARARAPES , PE , Nordeste 
 MAC ,13/12/2001, STREET , 3.306 , MANAUS , MANAUS , AM , Norte 
 CPK ,19/3/2002, SHOPPING MALL , 2.320 , CAMPINAS , SHOPPING PARQUE DOM PEDRO , SP , Sudeste 
 NOV ,21/3/2002, SHOPPING MALL , 2.306 , RIO DE JANEIRO , SHOPPING NOVA AMERICA , RJ , Sudeste 
 TAB ,10/7/2002, SHOPPING MALL , 2.311 , TABOA DA SERRA , SHOPPING TABOAO DA SERRA , SP , Sudeste 
 VPC ,29/10/2002, SHOPPING MALL , 2.048 , VILA VELHA , SHOPPING PRAIA DA COSTA , ES , Sudeste 
 MAU ,2/12/2002, SHOPPING MALL , 1.612 , MAUA , MAUA PLAZA SHOPPING , SP , Sudeste 
 JPM ,3/12/2002, SHOPPING MALL , 2.347 , MANAIRA , MANARIA SHOPPING , PB , Nordeste 
 VOL ,10/4/2003, SHOPPING MALL , 1.203 , VOLTA REDONDA , SIDER SHOPPING , RJ , Sudeste 
 CPW ,15/4/2003, SHOPPING MALL , 1.709 , RIO DE JANEIRO , WEST SHOPPING RIO , RJ , Sudeste 
 BHZ ,29/5/2003, STREET , 2.898 , BELO HORIZONTE , BELO HORIZONTE CENTRO - II , MG , Sudeste 
 REI ,5/6/2003, STREET , 2.241 , RECIFE , RECIFE IMPERATRIZ , PE , Nordeste 
 CGE ,10/7/2003, SHOPPING MALL , 2.171 , CAMPO GRANDE , SHOPPING CAMPO GRANDE , MS , Centro oeste 
 GUA ,31/7/2003, STREET , 2.044 , GUARULHOS , GUARULHOS CENTRO , SP , Sudeste 
 BEC ,25/9/2003, SHOPPING MALL , 3.219 , BELEM , SHOPPING CASTANHEIRA , PA , Norte 
 TBE ,1/11/2003, SHOPPING MALL , 2.180 , BARUERI , SHOPPING TAMBORE , SP , Sudeste 
 CBG ,6/11/2003, SHOPPING MALL , 2.387 , CURITIBA , PARK SHOPPING BARIGUI , PR , Sul 
 OSA ,15/11/2003, STREET , 1.945 , OSASCO , OSASCO CENTRO , SP , Sudeste 
 IPS ,30/11/2003, SHOPPING MALL , 1.974 , CONTAGEM , ITAU POWER SHOPPING , MG , Sudeste 
 SGS ,25/3/2004, SHOPPING MALL , 1.684 , SÃO GONÇALO , SAO GONCALO SHOPPING , RJ , Sudeste 
 RIO ,1/4/2004, SHOPPING MALL , 1.918 , SÃO JOAO DO MERITI , SHOPPING GRANDE RIO , RJ , Sudeste 
 GBU ,22/4/2004, SHOPPING MALL , 1.906 , APARECIDA DE GOIANIA , BURITI SHOPPING , GO , Centro oeste 
 BOA ,27/4/2004, SHOPPING MALL , 1.800 , SÃO PAULO , SHOPPING BOA VISTA , SP , Sudeste 
 PEN ,28/10/2004, SHOPPING MALL , 2.034 , SÃO PAULO , SHOPPING PENHA , SP , Sudeste 
 UBE ,18/11/2004, SHOPPING MALL , 1.718 , UBERLANDIA , CENTER SHOPPING , MG , Sudeste 
 FLI ,2/12/2004, SHOPPING MALL , 1.524 , SÃO JOSÉ , SHOPPING ITAGUAÇU , SC , Sul 
 RCR ,9/12/2004, SHOPPING MALL , 1.314 , RIO DE JANEIRO , SHOPPING RECREIO , RJ , Sudeste 
 NAM ,27/4/2005, SHOPPING MALL , 2.608 , NATAL , MIDWAY MALL , RN , Nordeste 
 SPI ,2/6/2005, SHOPPING MALL , 1.121 , PIRACICABA , SHOPPING PIRACICABA , SP , Sudeste 
 AJC ,9/6/2005, STREET , 2.512 , ARACAJU , ARACAJU CENTRO , SE , Nordeste 
 NAS ,14/7/2005, SHOPPING MALL , 1.752 , NATAL , NATAL SHOPPING , RN , Nordeste 
 FON ,4/8/2005, SHOPPING MALL , 1.564 , FORTALEZA , NORTH SHOPPING , CE , Nordeste 
 TAL ,27/10/2005, SHOPPING MALL , 1.509 , BRASILIA , SHOPPING ALAMEDA , DF , Centro oeste 
 PGS ,17/11/2005, SHOPPING MALL , 1.629 , PRAIA GRANDE , LITORAL SHOPPING , SP , Sudeste 
 SOR ,17/11/2005, SHOPPING MALL , 1.745 , SOROCABA , ESPLANADA SHOPP. SOROCABA , SP , Sudeste 
 LOS ,1/12/2005, SHOPPING MALL , 1.344 , LONDRINA , SHOPPING CATUAI , PR , Sul 
 CRS ,8/12/2005, SHOPPING MALL , 1.474 , CARUARU , SHOPPING CARUARU , PE , Nordeste 
 TEC ,9/12/2005, STREET , 2.475 , TERESINA , TERESINA CENTRO , PI , Nordeste 
 JSU ,27/4/2006, SHOPPING MALL , 990 , SÃO PAULO , SHOPPING JARDIM SUL , SP , Sudeste 
 MCC ,4/5/2006, STREET , 2.577 , MACEIO , MACEIO CENTRO , AL , Nordeste 
 BOT ,29/6/2006, STREET , 1.744 , RIO DE JANEIRO , BOTAFOGO , RJ , Sudeste 
 CPL ,6/7/2006, SHOPPING MALL , 1.671 , SÃO PAULO , SHOPPING CAMPO LIMPO , SP , Sudeste 
 TIV ,13/7/2006, SHOPPING MALL , 1.159 , SANTA BARBARA OESTE , SHOPPING TIVOLI , SP , Sudeste 
 FCA ,27/7/2006, SHOPPING MALL , 1.040 , FRANCA , FRANCA SHOPPING , SP , Sudeste 
 ITU ,10/8/2006, SHOPPING MALL , 1.017 , ITU , PLAZA SHOPPING ITU , SP , Sudeste 
 RNS ,5/10/2006, SHOPPING MALL , 1.474 , RIBEIRÃO PRETO , NOVO SHOPPING , SP , Sudeste 
 GOV ,5/10/2006, SHOPPING MALL , 1.092 , RIO DE JANEIRO , ILHA DO GOVERN. PLAZA SHOPP , RJ , Sudeste 
 TBT ,19/10/2006, SHOPPING MALL , 1.083 , TAUBATE , SHOPPING TAUBATÉ , SP , Sudeste 
 JFC ,26/10/2006, STREET , 1.898 , JUIZ DE FORA , JUIZ DE FORA , MG , Sudeste 
 SPM ,9/11/2006, SHOPPING MALL , 1.862 , SÃO PAULO , SHOPPING SP MARKET , SP , Sudeste 
 SLC ,23/11/2006, STREET , 1.962 , SÃO LUIS , SAO LUIS , MA , Nordeste 
 CPC ,7/12/2006, STREET , 1.801 , CAMPINA GRANDE , CAMPINA GRANDE , PB , Nordeste 
 SPE ,14/12/2006, SHOPPING MALL , 1.022 , SÃO PAULO , SHOPPING ELDORADO , SP , Sudeste 
 FLS ,8/2/2007, SHOPPING MALL , 1.510 , FLORIANÓPOLIS , FLORIPA SHOPPING , SC , Sul 
 SPD ,1/3/2007, SHOPPING MALL , 1.040 , SÃO PAULO , SHOPPING D , SP , Sudeste 
 BRI ,28/4/2007, SHOPPING MALL , 1.278 , SÃO VICENTE , SHOPPING BRISAMAR , SP , Sudeste 
 BUG ,3/5/2007, SHOPPING MALL , 1.012 , GUARATINGUETA , BURITI SHOPPING GUARÁ , SP , Sudeste 
 SVS ,22/5/2007, SHOPPING MALL , 2.467 , SALVADOR , SHOPPING SALVADOR , BA , Nordeste 
 FOB ,31/5/2007, SHOPPING MALL , 1.479 , FORTALEZA , SHOPPING BENFICA , CE , Nordeste 
 FEC ,14/6/2007, STREET , 1.951 , FEIRA DE SANTANA , FEIRA DE SANTANA CENTRO , BA , Nordeste 
 MOG ,16/6/2007, SHOPPING MALL , 1.054 , MOGI DAS CRUZES , SHOPPING MOGI , SP , Sudeste 
 RCF ,26/9/2007, SHOPPING MALL , 1.677 , RECIFE , PLAZA SHOPPING CASA FORTE , PE , Nordeste 
 VSU ,4/10/2007, SHOPPING MALL , 1.208 , SÃO JOSÉ DOS CAMPOS  , SHOPPING VALE SUL , SP , Sudeste 
 SAN ,25/10/2007, SHOPPING MALL , 1.635 , SÃO PAULO , SANTANA PARQUE SHOPPING , SP , Sudeste 
 BCA ,27/10/2007, SHOPPING MALL , 1.646 , CAMBURIU , SHOPP. BALNEARIO CAMBURIU , SC , Sul 
 ALC ,29/10/2007, STREET , 1.890 , SÃO GONÇALO , ALCANTARA CENTRO , RJ , Sudeste 
 BAN ,30/10/2007, SHOPPING MALL , 2.070 , RIO DE JANEIRO , BANGÚ SHOPPING , RJ , Sudeste 
 SIT ,7/11/2007, SHOPPING MALL , 2.084 , SÃO PAULO , SHOPPING METRO ITAQUERA , SP , Sudeste 
 PAN ,22/11/2007, SHOPPING MALL , 1.893 , CUIABÁ , SHOPPING PANTANAL , MT , Centro oeste 
 BON ,28/11/2007, STREET , 1.790 , RIO DE JANEIRO , BONSUCESSO CENTRO , RJ , Sudeste 
 ARA ,29/11/2007, SHOPPING MALL , 1.026 , INDAIATUBA , SHOPPING JARAGUA , SP , Sudeste 
 TJS ,29/11/2007, SHOPPING MALL , 1.447 , RIO DE JANEIRO , TIJUCA SHOPPING , RJ , Sudeste 
 BAU ,30/11/2007, SHOPPING MALL , 1.148 , BAURU , BAURU SHOPPING , SP , Sudeste 
 NSN ,6/12/2007, SHOPPING MALL , 1.685 , NATAL , NORTE SHOPPING , RN , Nordeste 
 BEL ,13/12/2007, STREET , 2.887 , BELEM , BELEM CENTRO , PA , Norte 
 SCA ,13/3/2008, SHOPPING MALL , 1.089 , SÃO CARLOS , SHOPP. IGUATEMI SAO CARLOS , SP , Sudeste 
 SBO ,28/3/2008, SHOPPING MALL , 1.702 , SÃO PAULO , SHOPPING BOURBON POMPÉIA , SP , Sudeste 
 JFS ,22/4/2008, SHOPPING MALL , 1.803 , JUIZ DE FORA , INDEPENDENCIA SHOPPING , MG , Sudeste 
 CBP ,9/5/2008, SHOPPING MALL , 1.908 , CURITIBA , SHOPPING PALLADIUM , PR , Sul 
 LIM ,29/5/2008, SHOPPING MALL , 1.005 , LIMEIRA , SHOPPING PÁTIO LIMEIRA , SP , Sudeste 
 PMS ,11/9/2008, SHOPPING MALL , 1.070 , POÇOS DE CALDAS , MINASSUL SHOPPING , MG , Sudeste 
 MKE ,25/9/2008, SHOPPING MALL , 1.669 , MACAE , SHOPPING PLAZA MACAE , RJ , Sudeste 
 NBM ,26/9/2008, SHOPPING MALL , 1.590 , NITEROI , BAY MARKET CENTER , RJ , Sudeste 
 SRP ,23/10/2008, SHOPPING MALL , 1.495 , RIO PRETO , SHOPPING RIO PRETO , SP , Sudeste 
 PVS ,30/10/2008, SHOPPING MALL , 1.907 , PORTO VELHO , PORTO VELHO SHOPPING , RO , Norte 
 PTS ,6/11/2008, SHOPPING MALL , 1.829 , PETROLINA , RIVER SHOPPING , PE , Nordeste 
 DQS ,11/11/2008, SHOPPING MALL , 1.761 , DUQUE DE CAXIAS , CAXIAS SHOPPING , RJ , Sudeste 
 RCS ,13/11/2008, SHOPPING MALL , 977 , RIO CLARO , RIO CLARO SHOPPING , SP , Sudeste 
 SUZ ,27/11/2008, SHOPPING MALL , 1.240 , SUZANO , SHOPPING SUZANO , SP , Sudeste 
 FVS ,1/12/2008, SHOPPING MALL , 1.772 , FORTALEZA , SHOPPING VIA SUL , CE , Nordeste 
 PRU ,26/3/2009, SHOPPING MALL , 1.070 , PRESIDENTE PRUDENTE , PRUDENSHOPPING , SP , Sudeste 
 SPA ,28/4/2009, SHOPPING MALL , 1.978 , SALVADOR , SHOPPING PARALELA , BA , Nordeste 
 GBS ,30/4/2009, SHOPPING MALL , 1.030 , GUARULHOS , SHOPPING BONSUCESSO , SP , Sudeste 
 CXS ,7/5/2009, SHOPPING MALL , 1.600 , PORTO ALEGRE , SHOPPING IGUATEMI , RS , Sul 
 MAN ,28/5/2009, SHOPPING MALL , 1.634 , MANAUS , SHOPPING MANAUARA , AM , Norte 
 OSH ,18/6/2009, SHOPPING MALL , 2.264 , OSASCO , SHOPPING UNIÃO , SP , Sudeste 
 BNO ,16/7/2009, SHOPPING MALL , 1.827 , BRASILIA , BOULEVARD SHOPP. BRASILIA , DF , Centro oeste 
 BVB ,1/10/2009, SHOPPING MALL , 1.580 , BELO HORIZONTE , VIA SHOPPING BARREIRO , MG , Sudeste 
 DIA ,29/10/2009, SHOPPING MALL , 1.735 , DIADEMA , SHOPPING PRAÇA DA MOÇA , SP , Sudeste 
 MCP ,25/11/2009, SHOPPING MALL , 2.017 , MACEIO , SHOPPING PÁTIO MACEIO , AL , Nordeste 
 BBO ,3/12/2009, SHOPPING MALL , 1.813 , BELEM , SHOPPING BOULEVARD , PA , Norte 
 ITR ,10/12/2009, STREET , 1.063 , ITABORAI , ITABORAI , RJ , Sudeste 
 SRA ,15/4/2010, SHOPPING MALL , 2.013 , SÃO LUIS , SHOPPING RIO ANIL , MA , Nordeste 
 JOI ,24/4/2010, SHOPPING MALL , 1.747 , JOINVILLE , JOINVILLE GARTEN SHOPPING , SC , Sul 
 RPS ,1/6/2010, SHOPPING MALL , 1.027 , SÃO PAULO , RAPOSO SHOPPING , SP , Sudeste 
 SLG ,5/10/2010, SHOPPING MALL , 1.002 , SETE LAGOAS , SHOPPING SETE LAGOAS , MG , Sudeste 
 BHB ,26/10/2010, SHOPPING MALL , 1.807 , BELO HORIZONTE , BOULEVARD SHOPPING , MG , Sudeste 
 MIX ,28/10/2010, SHOPPING MALL , 1.047 , ITAGUAI , PÁTIOMIX COSTA VERDE , RJ , Sudeste 
 CNS ,4/11/2010, SHOPPING MALL , 1.590 , CANOAS , CANOAS SHOPPING , RS , Sul 
 SVN ,9/11/2010, SHOPPING MALL , 1.701 , SALVADOR , SALVADOR NORTE SHOPPING , BA , Nordeste 
 GVS ,24/11/2010, SHOPPING MALL , 984 , COTIA , SHOPPING GRANJA VIANNA , SP , Sudeste 
 SGB ,30/11/2010, SHOPPING MALL , 923 , SÃO GONÇALO , BOULEV. SHOPP. SÃO GONÇALO , RJ , Sudeste 
 CGY ,29/4/2011, SHOPPING MALL , 1.929 , RIO DE JANEIRO , SHOPPING BOULEVARD , RJ , Sudeste 
 ITB ,30/6/2011, SHOPPING MALL , 1.964 , ITABUNA , JEQUITIBÁ PLAZA , BA , Nordeste 
 NIL ,7/7/2011, STREET , 2.117 , RIO DE JANEIRO , CENTRO , RJ , Sudeste 
 IND ,4/8/2011, SHOPPING MALL , 1.023 , INDAIATUBA , POLO SHOPPING INDAIATUBA , SP , Sudeste 
 CPR ,25/8/2011, STREET , 2.359 , RIO DE JANEIRO , CAMPO GRANDE , RJ , Sudeste 
 JAC ,22/9/2011, SHOPPING MALL , 998 , JACAREI , JACAREÍ SHOPPING , SP , Sudeste 
 UBR ,4/10/2011, SHOPPING MALL , 1.093 , UBERABA , SHOPPING UBERABA , MG , Sudeste 
 SCS ,10/11/2011, SHOPPING MALL , 2.244 , SÃO CAETANO DO SUL , PARK SHOPPING SÃO CAETANO , SP , Sudeste 
 HTL ,24/11/2011, SHOPPING MALL , 1.165 , HORTOLANDIA , SHOPPING HORTOLANDIA , SP , Sudeste 
 SMC ,25/11/2011, SHOPPING MALL , 1.140 , MONTES CLAROS , SHOPPING MONTES CLAROS , MG , Sudeste 
 SMO ,29/11/2011, SHOPPING MALL , 1.838 , SÃO PAULO , MOOCA PLAZA SHOPPING , SP , Sudeste 
 PSB ,30/11/2011, SHOPPING MALL , 1.783 , BARUERI , PARQUE SHOPPING BARUERI , SP , Sudeste 
 VSE ,30/11/2011, SHOPPING MALL , 2.002 , SERRA , SHOPPING MESTRE ÁLVARO , ES , Sudeste 
 MAR ,8/12/2011, SHOPPING MALL , 1.005 , MARILIA , MARILIA SHOPPING CENTER , SP , Sudeste 
 SBM ,8/12/2011, SHOPPING MALL , 1.122 , SÃO BERNARDO DO CAMPO , SHOPPING METRÓPOLE , SP , Sudeste 
 AJR ,9/12/2011, SHOPPING MALL , 1.887 , SERGIPE , SHOPPING RIOMAR , SE , Nordeste 
 VCO ,13/12/2011, SHOPPING MALL , 2.072 , VITORIA DA CONQUISTA , SHOPPING CONQUISTA SUL , BA , Nordeste 
 SLI ,20/12/2011, SHOPPING MALL , 2.121 , SÃO LUIS , SHOPPING DA ILHA , MA , Nordeste 
 PWA ,26/4/2012, SHOPPING MALL , 1.984 , PORTO ALEGRE , BOURBON SHOPPING WALLIG , RS , Sul 
 BEP ,4/5/2012, SHOPPING MALL , 1.951 , BELEM , PARQUE SHOPPING BELÉM , PA , Norte 
 JZN ,8/5/2012, SHOPPING MALL , 2.025 , JUAZEIRO DO NORTE , SHOPPING CARIRI , CE , Nordeste 
 BHE ,23/5/2012, SHOPPING MALL , 2.011 , BELO HORIZONTE , SHOPPING ESTAÇÃO BH , MG , Sudeste 
 RBV ,14/6/2012, SHOPPING MALL , 1.004 , RECIFE , SHOPPING BOA VISTA , PE , Nordeste 
 SVV ,13/7/2012, SHOPPING MALL , 2.336 , SALVADOR , SHOPPING BELA VISTA , BA , Nordeste 
 CRD ,24/7/2012, SHOPPING MALL , 1.009 , CARUARU , SHOPPING DIFUSORA , PE , Nordeste 
 IPZ ,27/9/2012, SHOPPING MALL , 2.240 , IMPERATRIZ , SHOPPING IMPERIAL , MA , Nordeste 
 CBO ,10/10/2012, SHOPPING MALL , 1.877 , CABO DE SANTO AGOSTINHO , SHOPPING COSTA DOURADA , PE , Nordeste 
 SRN ,12/10/2012, SHOPPING MALL , 1.163 , SÃO JOSÉ DO RIO PRETO , SHOPPING CIDADE NORTE , SP , Sudeste 
 JNS ,18/10/2012, SHOPPING MALL , 1.735 , JUNDIAÍ , JUNDIAÍ SHOPPING , SP , Sudeste 
 FLC ,27/10/2012, SHOPPING MALL , 2.322 , SÃO JOSÉ , CONTINENTE PARK SHOPPING , SC , Sul 
 REM ,30/10/2012, SHOPPING MALL , 2.250 , RECIFE , RIOMAR SHOPPING  , PE , Nordeste 
 CPB ,9/11/2012, SHOPPING MALL , 2.253 , CAMPINAS , SHOP. PARQUE DAS BANDEIRAS , SP , Sudeste 
 SBP ,13/11/2012, SHOPPING MALL , 2.127 , SÃO BERNARDO DO CAMPO , SHOPPING SÃO BERNARDO PLAZA , SP , Sudeste 
 MGG ,22/11/2012, SHOPPING MALL , 1.112 , MOGI GUAÇU , BURITI SHOPPING MOGI GUAÇU , SP , Sudeste 
 VSO ,27/11/2012, SHOPPING MALL , 999 , VILA VELHA , BOULERVAD SHOPP. VILA VELHA , ES , Sudeste 
 CPP ,29/11/2012, SHOPPING MALL , 2.110 , RIO DE JANEIRO , PARK SHOPPING CAMPO GRANDE , RJ , Sudeste 
 LOR ,1/12/2012, SHOPPING MALL , 1.112 , LONDRINA , NORTE SHOPPING LONDRINA , PR , Sul 
 NSO ,2/5/2013, SHOPPING MALL , 1.012 , NOSSA SRA SOCORRO , SHOPPING PRÊMIO , SE , Nordeste 
 MBA ,7/5/2013, SHOPPING MALL , 2.020 , MARABÁ , SHOPPING PÁTIO MARABÁ , PA , Norte 
 BET ,10/7/2013, SHOPPING MALL , 2.201 , BETIM , METROPOLITAN GARDEN SHOPP. , MG , Sudeste 
 AMP ,30/7/2013, SHOPPING MALL , 1.308 , MACAPA , SHOPPING AMAPÁ GARDEN , AP , Norte 
 ARP ,25/9/2013, STREET , 1.052 , ARAPIRACA , SHOP PÁT. ARAPIRACA GARDEN , AL , Nordeste 
 SIS ,22/10/2013, SHOPPING MALL , 1.067 , ITAPECERICA DA SERRA , SHOPPING ITAPECERICA , SP , Sudeste 
 SUC ,24/10/2013, SHOPPING MALL , 1.543 , RIO DE JANEIRO , PARQUE SHOPPING SULACAP , RJ , Sudeste 
 MCS ,7/11/2013, SHOPPING MALL , 1.799 , MACEIO , SHOPPING MACEIÓ , AL , Nordeste 
 FNP ,12/11/2013, SHOPPING MALL , 1.529 , FORTALEZA , NORTH SHOPPING JÓQUEI , CE , Nordeste 
 GPA ,12/11/2013, SHOPPING MALL , 2.120 , GOIANIA , SHOPPING PASSEIO DAS ÁGUAS , GO , Centro oeste 
 CEJ ,16/11/2013, SHOPPING MALL , 2.127 , CEILANDIA , SHOPPING JK CEILÂNDIA , DF , Centro oeste 
 SOC ,21/11/2013, SHOPPING MALL , 996 , SOROCABA , SHOPPING PÁTIO CIANÊ , SP , Sudeste 
 IPM ,22/11/2013, STREET , 980 , RIO DE JANEIRO , IPANEMA , RJ , Sudeste 
 FOP ,26/11/2013, SHOPPING MALL , 2.199 , FORTALEZA , SHOPPING PARANGABA , CE , Nordeste 
 SHC ,26/11/2013, SHOPPING MALL , 2.198 , CONTAGEM , SHOPPING CONTAGEM , MG , Sudeste 
 VMS ,27/11/2013, SHOPPING MALL , 1.000 , SERRA , SHOPPING MONT SERRAT , ES , Sudeste 
 VAP ,3/12/2013, SHOPPING MALL , 2.172 , VALPARAÍSO , SHOPPING SUL , GO , Centro oeste 
 MGA ,3/12/2013, SHOPPING MALL , 1.646 , MARINGA , MARINGÁ PARK SHOPPING , PR , Sul 
 TTE ,17/12/2013, SHOPPING MALL , 2.226 , SÃO PAULO , SHOPPING TIETÊ PLAZA , SP , Sudeste 
 VCA ,6/5/2014, SHOPPING MALL , 1.559 , CARIACICA , SHOPPING MOXUARA , ES , Sudeste 
 UBC ,6/5/2014, STREET , 2.267 , UBERLANDIA , UBERLÂNDIA CENTRO , MG , Sudeste 
 SLS ,6/5/2014, SHOPPING MALL , 2.162 , SÃO LUIS , SÃO LUIS SHOPPING , MA , Nordeste 
 VVE ,25/8/2014, SHOPPING MALL , 2.202 , VILA VELHA , SHOPPING VILA VELHA , ES , Sudeste 
 FOR ,29/10/2014, SHOPPING MALL , 2.304 , FORTALEZA , RIO MAR SHOPPING FORTALEZA , CE , Nordeste 
 AMM ,30/10/2014, SHOPPING MALL , 1.030 , MACAPA , MACAPÁ SHOPPING CENTER , AP , Norte 
 TET ,30/10/2014, SHOPPING MALL , 2.130 , TERESINA , TERESINA SHOPPING , PI , Nordeste 
 RBS ,6/11/2014, SHOPPING MALL , 2.050 , RIO BRANCO , SHOPPING VIA VERDE , AC , Norte 
 IGA ,13/11/2014, SHOPPING MALL , 841 , BARUERI , SHOPPNG IGUATEMI ALPHAVILLE , SP , Sudeste 
 RVE ,20/11/2014, SHOPPING MALL , 1.002 , RIO VERDE , BURITI SHOPPING RIO VERDE , GO , Centro oeste 
 ANS ,21/11/2014, SHOPPING MALL , 1.118 , ANÁPOLIS , ANA SHOPPING , GO , Centro oeste 
 BVA ,25/11/2014, SHOPPING MALL , 2.149 , BOA VISTA , PÁTIO RORAIMA SHOPPING , RR , Norte 
 CGC ,27/11/2014, STREET , 2.176 , CAMPO GRANDE , CAMPO GRANDE CENTRO , MS , Centro oeste 
 JPS ,29/11/2014, SHOPPING MALL , 2.159 , JOÃO PESSOA , MANGABEIRA SHOPPING , PB , Nordeste 
 MNU ,2/12/2014, SHOPPING MALL , 1.095 , MARACANAU , NORTH SHOPPING MARACANAÚ , CE , Nordeste 
 MAT ,4/12/2014, SHOPPING MALL , 2.084 , MANAUS , SUMAÚMA PARK SHOPPING , AM , Norte 
 MAV ,11/12/2014, SHOPPING MALL , 2.209 , MANAUS , SHOPPING VIA NORTE MANAUS , AM , Norte 
 STR ,11/12/2014, SHOPPING MALL , 2.092 , SANTARÉM , RIO TAPAJÓS SHOPPING , PA , Norte 
 AME ,11/12/2014, SHOPPING MALL , 1.777 , RIO DE JANEIRO , AMERICAS SHOPPING , RJ , Sudeste 
 RIB ,18/3/2015, SHOPPING MALL , 2.255 , SAO JOSÉ DO RIBAMAR , SHOPPING PÁTIO NORTE , MA , Nordeste 
 GPM ,16/4/2015, SHOPPING MALL , 1.026 , GUARULHOS , PARQUE SHOPPING MAIA , SP , Sudeste 
 NIR ,5/5/2015, STREET , 2.134 , NOVA IGUAÇU , NOVA IGUAÇU , RJ , Sudeste 
 FOA ,2/6/2015, SHOPPING MALL , 956 , FORTALEZA , SHOPPING ALDEOTA , CE , Nordeste 
 CAP ,25/6/2015, SHOPPING MALL , 978 , CAMPINAS , CAMPINAS SHOPPING , SP , Sudeste 
 PLS ,30/6/2015, SHOPPING MALL , 1.975 , PALMAS , SHOPPING CAPIM DOURADO , TO , Norte 
 LEB ,16/7/2015, STREET , 589 , RIO DE JANEIRO , LEBLON , RJ , Sudeste 
 BEG ,27/8/2015, SHOPPING MALL , 2.281 , BELEM , SHOPPING GRÃO PARÁ , PA , Norte 
 IPT ,24/9/2015, SHOPPING MALL , 2.153 , IPATINGA , SHOPPING DO VALE DO AÇO , MG , Sudeste 
 AGT ,24/9/2015, STREET , 1.393 , SÃO PAULO , AUGUSTA , SP , Sudeste 
 TER ,29/9/2015, SHOPPING MALL , 2.373 , TERESINA , SHOPPING RIO POTY , PI , Nordeste 
 NPA ,30/10/2015, SHOPPING MALL , 2.049 , PAULISTA , SHOPPING NORTH WAY PAULISTA , PE , Nordeste 
 UBL ,3/11/2015, SHOPPING MALL , 998 , UBERLANDIA , UBERLÂNDIA SHOPPING , MG , Sudeste 
 NIS ,28/4/2016, SHOPPING MALL , 2.185 , NOVA IGUAÇU , SHOPPING NOVA IGUAÇU , RJ , Sudeste 
 SCT ,21/5/2016, SHOPPING MALL , 2.178 , SÃO PAULO , SHOPPING CANTAREIRA , SP , Sudeste 
 JPI ,1/6/2018, STREET , 1.976 , SÃO JOSÉ DOS PINHAIS , SÃO JOSÉ DOS PINHAIS , SP , Sudeste 
 CBA ,1/10/2018, SHOPPING MALL , 2.061 , CUIABÁ , SHOPPING ESTAÇÃO CUIABÁ , MT , Centro oeste 
 OLI ,1/10/2018, SHOPPING MALL , 1.854 , OLINDA , SHOPPING PATTEO OLINDA , PE , Nordeste 
 CPI ,1/10/2018, SHOPPING MALL , 2.099 , CAMPINA GRANDE , PARTAGE CAMPINA GRANDE , PB , Nordeste 
 CMC ,25/4/2019, SHOPPING MALL , 1.994 , CAMAÇARI , BOULEVARD SHOPPING CAMAÇARI , BA , Nordeste 
 CAM ,25/4/2019, SHOPPING MALL , 2.234 , CAMARAGIBE , CAMARÁ SHOPPING , PE , Nordeste 
 AND ,25/4/2019, SHOPPING MALL , 2.177 , ANANINDEUA , SHOPPING METRÓPOLE ANANINDEUA , PA , Norte 
 CBJ ,5/6/2019, SHOPPING MALL , 2.013 , CURITIBA , JOCKEY PLAZA SHOPPING , PR , Sul 
 ACP ,19/9/2019, SHOPPING MALL , 1.397 , ARAÇATUBA , SHOPPING PRAÇA NOVA , SP , Sudeste 
 BLS ,26/9/2019, SHOPPING MALL , 1.740 , BLUMENAU , SHOPPING PARK EUROPEU , SC , Sul 
 MAG ,1/10/2019, SHOPPING MALL , 2.191 , MANAUS , SHOPPING GRANDE CIRCULAR , AM , Norte 
 FRM ,3/10/2019, SHOPPING MALL , 2.130 , FORTALEZA , SHOPPING MAR RIO KENNEDY , CE , Nordeste 
 AJP ,26/11/2019, SHOPPING MALL , 1.854 , ARACAJU , ARACAJU PARQUE SHOPPING , SE , Nordeste 
 CFP ,5/12/2019, SHOPPING MALL , 1.751 , CABO FRIO , SHOPPING PARK LAGOS , RJ , Sudeste 
 SPB ,17/3/2020, SHOPPING MALL , 2.130 , LAURO DE FREITAS , PARQUE SHOPPING DA BAHIA , BA ,Nordeste
 PSP ,25/6/2020, SHOPPING MALL , 1.736 , CARAPICUÍBA , PLAZA SHOPPING CARAPICUÍBA  , SP ,Sudeste
 SBG ,30/6/2020, SHOPPING MALL , 2.126 , SÃO BERNARDO DO CAMPO , GOLDEN SQUARE SHOPPING  , SP ,Sudeste
 SGC ,14/7/2020, SHOPPING MALL , 1.865 , SÃO LUIS , GOLDEN SHOPPING CALHAU , MA , Nordeste 
 SCL ,6/10/2020, SHOPPING MALL , 1.313 , SALVADOR , SHOPPING CENTER LAPA , BA , Nordeste 
 ACS ,10/10/2020, SHOPPING MALL , 1.762 , BRASILIA , ÁGUAS CLARAS SHOPPING , DF , Centro oeste 
 PRG ,5/11/2020, SHOPPING MALL , 1.694 , RIO GRANDE , PARTAGE SHOPPING RIO GRANDE , RS , Sul 
 CRN ,12/11/2020, SHOPPING MALL , 1.319 , CRICÚMA , NAÇÕES SHOPPING , SC , Sul 
 NPM ,17/11/2020, SHOPPING MALL , 1.783 , MOSSORÓ , PARTAGE SHOPPING MOSSORÓ , RN , Nordeste 
 ANF ,19/11/2020, SHOPPING MALL , 1.417 , SÃO PAULO , SHOPPING ANÁLIA FRANCO , SP , Sudeste 
