,,,,Indicadores de Liquidez,,
,SETOR ECONÔMICO,Empresa,Descrição,Índice pré adoção,Índice pós adoção,Variação
,"Petróleo, Gás e Biocombustíveis",3R PETROLEUM,Liquidez corrente,"4,76014932337844","3,72299270072993","-1,03715662264851"
,Comunicações,ALGAR TELEC,Liquidez corrente,"1,0744464908008","0,975775945292499","-0,098670545508305"
,Saúde,ALLIAR,Liquidez corrente,"1,0389904739626","1,0389904739626",0
,Consumo Cíclico,ALPARGATAS  ,Liquidez corrente,"2,06044445977527","2,06044445977527",0
,Utilidade Pública,ALUPAR,Liquidez corrente,"3,2614032815707","3,2614032815707",0
,Consumo não Cíclico,AMBEV S/A,Liquidez corrente,"1,00478575852452","1,00478575852452",0
,Utilidade Pública,AMBIPAR,Liquidez corrente,"1,14868825392813","1,14868825392813",0
,Utilidade Pública,AMPLA ENERG ,Liquidez corrente,"0,645941534077899","0,645941534077899",0
,Consumo Cíclico,ANIMA,Liquidez corrente,"1,76263267438747","1,76263267438747",0
,Consumo Cíclico,AREZZO CO   ,Liquidez corrente,"3,29049314351144","3,29049314351144",0
,Bens Industriais,ATMASA,Liquidez corrente,"0,955318697273626","0,955318697273626",0
,Bens Industriais,AZUL,Liquidez corrente,"0,868123449206442","0,672110900889665","-0,196012548316777"
,Consumo Cíclico,B2W DIGITAL,Liquidez corrente,"2,19254687644286","2,14832898456452","-0,044217891878336"
,Consumo Cíclico,BAHEMA      ,Liquidez corrente,"1,05027567006933","1,05027567006933",0
,Bens Industriais,BBMLOGISTICA,Liquidez corrente,"1,30718548414916","1,30718548414916",0
,Consumo não Cíclico,BIOSEV,Liquidez corrente,"1,57736736940301","1,57736736940301",0
,Consumo Cíclico,BK BRASIL,Liquidez corrente,"1,36693208821445","1,36693208821445",0
,Consumo não Cíclico,BOMBRIL     ,Liquidez corrente,"0,544034619679861","0,54185679609307","-0,002177823586791"
,Consumo não Cíclico,BRASILAGRO  ,Liquidez corrente,"2,18191809441939","2,18191809441939",0
,Materiais Básicos,BRASKEM     ,Liquidez corrente,"0,925062586168187","0,925062586168187",0
,Consumo não Cíclico,BRF SA   ,Liquidez corrente,"1,31350492523798","1,31350492523798",0
,Consumo não Cíclico,CAMIL,Liquidez corrente,"2,24225661619522","2,24225661619522",0
,Consumo não Cíclico,CARREFOUR BR,Liquidez corrente,"1,06879254747402","1,05949209731842","-0,009300450155608"
,Bens Industriais,CCR SA      ,Liquidez corrente,"0,937712535584134","0,937712535584134",0
,Consumo Cíclico,CEA MODAS,Liquidez corrente,"1,25456210844379","1,25456210844379",0
,Consumo Cíclico,CEDRO       ,Liquidez corrente,"1,03858146117857","1,03858146117857",0
,Utilidade Pública,CEEE-D      ,Liquidez corrente,"0,41214795703841","0,41214795703841",0
,Utilidade Pública,CEG         ,Liquidez corrente,"0,828298721107591","0,823704224004555","-0,004594497103036"
,Utilidade Pública,CEMIG       ,Liquidez corrente,"1,18819219833951","1,18819219833951",0
,Consumo Cíclico,CENTAURO,Liquidez corrente,"0,879126576802394","0,879126576802394",0
,Comunicações,CINESYSTEM,Liquidez corrente,"0,285023555665757","0,230457707652519","-0,054565848013238"
,Consumo Cíclico,COGNA ON,Liquidez corrente,"2,17506439300626","2,17506439300626",0
,Utilidade Pública,COPASA      ,Liquidez corrente,"1,38571574522413","1,38571574522413",0
,Utilidade Pública,COPEL       ,Liquidez corrente,"0,997420805680082","0,997420805680082",0
,"Petróleo, Gás e Biocombustíveis",COSAN       ,Liquidez corrente,"1,90013289209552","1,8964767234705","-0,003656168625026"
,Materiais Básicos,CRISTAL,Liquidez corrente,"9,41420981539847","9,41420981539847",0
,Consumo Cíclico,CRUZEIRO EDU,Liquidez corrente,"0,873280523942947","0,781884691356325","-0,091395832586622"
,Bens Industriais,CSU CARDSYST,Liquidez corrente,"1,19284939270402","1,19284939270402",0
,Consumo Cíclico,CURY S/A,Liquidez corrente,"1,8779474621368","1,8779474621368",0
,Consumo Cíclico,CVC BRASIL,Liquidez corrente,"1,16396663155963","1,16396663155963",0
,Consumo Cíclico,CYRELA REALT,Liquidez corrente,"3,52368514257992","3,52368514257992",0
,Saúde,D1000VFARMA,Liquidez corrente,"0,768732641340677","0,630416372107388","-0,138316269233289"
,Saúde,DASA        ,Liquidez corrente,"1,62756014745484","1,46344592960675","-0,164114217848091"
,Consumo Cíclico,DIRECIONAL  ,Liquidez corrente,"2,9458750677216","2,9458750677216",0
,"Petróleo, Gás e Biocombustíveis",DOMMO,Liquidez corrente,"1,01283012401739","0,583520836504091","-0,429309287513302"
,Bens Industriais,DTCOM-DIRECT,Liquidez corrente,"0,618454305024978","0,591778202676864","-0,026676102348114"
,Materiais Básicos,DURATEX     ,Liquidez corrente,"1,76200286990011","1,76200286990011",0
,Utilidade Pública,ELETROBRAS  ,Liquidez corrente,"1,28259364240542","1,28259364240542",0
,Bens Industriais,EMBRAER     ,Liquidez corrente,"3,72897274390158","3,72897274390158",0
,"Petróleo, Gás e Biocombustíveis",ENAUTA PART,Liquidez corrente,"9,93211370223629","9,93211370223629",0
,Utilidade Pública,ENERGIAS BR ,Liquidez corrente,"1,53633748709179","1,53490299862208","-0,001434488469717"
,Utilidade Pública,ENERGISA    ,Liquidez corrente,"1,46423375733666","1,46423375733666",0
,Utilidade Pública,ENEVA,Liquidez corrente,"2,19320285584676","2,19320285584676",0
,Utilidade Pública,ENGIE BRASIL,Liquidez corrente,"1,09265990785709","1,08870352761297","-0,003956380244116"
,Utilidade Pública,EQUATORIAL  ,Liquidez corrente,"1,46367617950125","1,46367617950125",0
,Consumo Cíclico,ESPACOLASER,Liquidez corrente,"1,02561709859719","1,02561709859719",0
,Bens Industriais,ESTAPAR,Liquidez corrente,"0,455676570115138","0,302529774533933","-0,153146795581205"
,Bens Industriais,ETERNIT     ,Liquidez corrente,"1,14456671951437","1,14456671951437",0
,Materiais Básicos,EUCATEX     ,Liquidez corrente,"0,019385699899295","0,019385699899295",0
,Consumo não Cíclico,EXCELSIOR   ,Liquidez corrente,"1,53840145069047","1,53840145069047",0
,Consumo Cíclico,EZTEC       ,Liquidez corrente,"8,0481045853964","8,0481045853964",0
,Saúde,FLEURY      ,Liquidez corrente,"2,2958315991676","2,2958315991676",0
,Bens Industriais,FLEX S/A,Liquidez corrente,"1,05559678658386","1,00887885066483","-0,046717935919032"
,Bens Industriais,FRAS-LE     ,Liquidez corrente,"2,09598094048726","2,04661818619536","-0,049362754291896"
,Consumo Cíclico,GAFISA      ,Liquidez corrente,"1,62016044041713","1,61841899064831","-0,001741449768815"
,Materiais Básicos,GERDAU      ,Liquidez corrente,"2,05815631308241","2,05815631308241",0
,Bens Industriais,GOL         ,Liquidez corrente,"0,459802687459135","0,459802687459135",0
,Materiais Básicos,GPC PART    ,Liquidez corrente,"1,38046575559726","1,36189010874384","-0,018575646853422"
,Consumo Cíclico,GRENDENE    ,Liquidez corrente,"7,98648438713687","7,98648438713687",0
,Consumo não Cíclico,GRUPO MATEUS,Liquidez corrente,"2,30807383703402","2,19200790654273","-0,116065930491291"
,Consumo não Cíclico,GRUPO NATURA      ,Liquidez corrente,"1,41360350751421","1,41360350751421",0
,Consumo Cíclico,GRUPO SOMA,Liquidez corrente,"1,29712","1,29712",0
,Consumo Cíclico,GUARARAPES  ,Liquidez corrente,"1,65596961188093","1,65596961188093",0
,Saúde,HAPVIDA,Liquidez corrente,"1,29211055032122","1,25556364638274","-0,036546903938472"
,Consumo Cíclico,HELBOR      ,Liquidez corrente,"1,96928878989465","1,96928878989465",0
,Bens Industriais,HIDROVIAS,Liquidez corrente,"3,52012812185459","3,52012812185459",0
,Saúde,HYPERA,Liquidez corrente,"3,02512342339656","3,02512342339656",0
,Utilidade Pública,IGUA SA  ,Liquidez corrente,"1,86352168850462","1,8393898061026","-0,024131882402025"
,Bens Industriais,INDS ROMI   ,Liquidez corrente,"1,92240704393084","1,92240704393084",0
,Consumo Cíclico,INTER SA ,Liquidez corrente,"1,79015242620675","1,79015242620675",0
,Saúde,INTERMEDICA,Liquidez corrente,"1,20940380489999","1,19013937047461","-0,019264434425384"
,Consumo Cíclico,IOCHP-MAXION,Liquidez corrente,"1,08031475592375","1,08031475592375",0
,Materiais Básicos,IRANI ,Liquidez corrente,"0,851753862286068","0,851753862286068",0
,Consumo não Cíclico,JALLESMACHAD,Liquidez corrente,"2,58203614888919","2,13587713686074","-0,44615901202845"
,Consumo não Cíclico,JBS         ,Liquidez corrente,"1,7081767485509","1,7081767485509",0
,Consumo Cíclico,JHSF PART   ,Liquidez corrente,"0,966061375922749","0,957837287848993","-0,008224088073755"
,Consumo não Cíclico,JOSAPAR     ,Liquidez corrente,"2,24988670220608","2,24526489007716","-0,00462181212892"
,Bens Industriais,JSL         ,Liquidez corrente,"1,42645556047762","1,34014397284415","-0,086311587633473"
,Consumo Cíclico,KARSTEN     ,Liquidez corrente,"0,350312321043126","0,350312321043126",0
,Bens Industriais,KEPLER WEBER,Liquidez corrente,"1,54773126599811","1,51343616445961","-0,034295101538501"
,Materiais Básicos,KLABIN S/A  ,Liquidez corrente,"2,92907454488776","2,85931189196147","-0,069762652926287"
,Utilidade Pública,LIGHT S/A   ,Liquidez corrente,"1,06762662764481","1,06762662764481",0
,Tecnologia da Informação,LINX,Liquidez corrente,"3,16494789306751","3,02823998486122","-0,136707908206292"
,Consumo Cíclico,LOCALIZA    ,Liquidez corrente,"1,10612684913458","1,10612684913458",0
,Tecnologia da Informação,LOCAWEB,Liquidez corrente,"0,654733017499262","0,654733017499262",0
,Bens Industriais,LOG-IN      ,Liquidez corrente,"1,00685381425885","1,00685381425885",0
,Consumo Cíclico,LOJAS MARISA,Liquidez corrente,"1,44146547404417","1,44146547404417",0
,Consumo Cíclico,LOJAS RENNER,Liquidez corrente,"1,37138024052142","1,37138024052142",0
,Consumo não Cíclico,M.DIASBRANCO,Liquidez corrente,"1,91223425435069","1,91223425435069",0
,Consumo Cíclico,MAGAZ LUIZA ,Liquidez corrente,"1,18999227628411","1,14236875672517","-0,047623519558938"
,Materiais Básicos,MANGELS INDL,Liquidez corrente,"2,24202763365009","2,21864859017812","-0,02337904347197"
,Bens Industriais,MARCOPOLO   ,Liquidez corrente,"1,67411004103527","1,67411004103527",0
,Consumo não Cíclico,MARFRIG     ,Liquidez corrente,"1,36044719241209","1,36044719241209",0
,Materiais Básicos,METAL IGUACU,Liquidez corrente,"0,760626586214431","0,732317102771979","-0,028309483442452"
,Consumo Cíclico,METAL LEVE  ,Liquidez corrente,"1,97043454100515","1,97043454100515",0
,Bens Industriais,METALFRIO   ,Liquidez corrente,"1,09374759619404","1,09374759619404",0
,Bens Industriais,MILLS       ,Liquidez corrente,"1,25857778312094","1,25857778312094",0
,Bens Industriais,MINASMAQUINA,Liquidez corrente,"2,55193204389536","2,55193204389536",0
,Consumo não Cíclico,MINERVA     ,Liquidez corrente,"1,35963483400764","1,35806374297458","-0,001571091033062"
,Consumo Cíclico,MITRE REALTY,Liquidez corrente,"3,28575779389778","3,28575779389778",0
,Tecnologia da Informação,MOBLY,Liquidez corrente,"0,795905723905724","0,795905723905724",0
,Consumo Cíclico,MOURA DUBEUX,Liquidez corrente,"0,680127665844741","0,680127665844741",0
,Consumo Cíclico,MOVIDA,Liquidez corrente,"0,727501593550882","0,703646949705851","-0,02385464384503"
,Bens Industriais,MRS LOGIST  ,Liquidez corrente,"0,686680600707467","0,686680600707467",0
,Consumo Cíclico,MRV         ,Liquidez corrente,"2,97633660993475","2,97633660993475",0
,Tecnologia da Informação,NEOGRID,Liquidez corrente,"0,755285591646869","0,736444068093556","-0,018841523553313"
,"Petróleo, Gás e Biocombustíveis",OCEANPACT,Liquidez corrente,"0,946628819358251","0,818843827022183","-0,127784992336068"
,Comunicações,OI,Liquidez corrente,"1,99387864250193","1,99387864250193",0
,Utilidade Pública,OMEGA GER,Liquidez corrente,"2,07650348129836","2,07650348129836",0
,Utilidade Pública,ORIZON,Liquidez corrente,"0,361908537794111","0,361908537794111",0
,"Petróleo, Gás e Biocombustíveis",OSX BRASIL  ,Liquidez corrente,"0,025334479608834","0,02126752217887","-0,004066957429963"
,Consumo não Cíclico,P.ACUCAR-CBD,Liquidez corrente,"1,10733567180113","1,08678532471333","-0,020550347087797"
,Saúde,PAGUE MENOS,Liquidez corrente,"1,18646556421005","1,18646556421005",0
,Materiais Básicos,PARANAPANEMA,Liquidez corrente,"1,52324301518128","1,52324301518128",0
,"Petróleo, Gás e Biocombustíveis",PET MANGUINH,Liquidez corrente,"0,429889170478756","0,429889170478756",0
,"Petróleo, Gás e Biocombustíveis",PETROBRAS   ,Liquidez corrente,"1,40175959121441","1,40175959121441",0
,"Petróleo, Gás e Biocombustíveis",PETRORIO,Liquidez corrente,"2,79152313025289","2,79152313025289",0
,Consumo Cíclico,PETTENATI   ,Liquidez corrente,"1,41823234503194","1,41823234503194",0
,Bens Industriais,PORTOBELLO  ,Liquidez corrente,"1,37054528484412","1,34649018072059","-0,024055104123534"
,Bens Industriais,PRINER,Liquidez corrente,"0,917306854803588","0,917306854803588",0
,Saúde,PROFARMA    ,Liquidez corrente,"1,3835204915391","1,30456440847438","-0,078956083064716"
,Saúde,QUALICORP   ,Liquidez corrente,"0,936806996951001","0,936806996951001",0
,Consumo Cíclico,QUERO-QUERO,Liquidez corrente,"1,58654939416039","1,58654939416039",0
,Saúde,RAIADROGASIL    ,Liquidez corrente,"1,5548002450707","1,32227421598557","-0,232526029085127"
,Bens Industriais,RANDON PART ,Liquidez corrente,"2,19942016090914","2,17692197517861","-0,022498185730528"
,Saúde,REDE D OR,Liquidez corrente,"3,69274481154977","3,69274481154977",0
,Utilidade Pública,SABESP      ,Liquidez corrente,"1,0377151100501","1,0377151100501",0
,Bens Industriais,SANTOS BRP  ,Liquidez corrente,"1,36751603200726","1,34550691887524","-0,022009113132021"
,Consumo não Cíclico,SAO MARTINHO,Liquidez corrente,"2,5863008034731","2,5863008034731",0
,Consumo Cíclico,SARAIVA LIVR,Liquidez corrente,"0,604515296811644","0,580650893186236","-0,023864403625408"
,Bens Industriais,SEQUOIA LOG,Liquidez corrente,"1,0549492644362","1,0549492644362",0
,Consumo Cíclico,SER EDUCA,Liquidez corrente,"2,80809546609701","2,80809546609701",0
,Materiais Básicos,SID NACIONAL,Liquidez corrente,"1,05034999185212","1,04675880689627","-0,003591184955843"
,Tecnologia da Informação,SINQIA,Liquidez corrente,"1,53774342203062","1,46297448662103","-0,07476893540959"
,Consumo não Cíclico,SLC AGRICOLA,Liquidez corrente,"1,36601327590704","1,31145264520179","-0,054560630705246"
,Consumo Cíclico,SMART FIT,Liquidez corrente,"0,999198993658979","0,999198993658979",0
,Bens Industriais,SONDOTECNICA,Liquidez corrente,"7,04423615977575","6,31414886934673","-0,73008729042902"
,Consumo Cíclico,SPRINGS     ,Liquidez corrente,"1,29843746725074","1,29843746725074",0
,Utilidade Pública,STATKRAFT,Liquidez corrente,"1,29020068007899","1,29020068007899",0
,Materiais Básicos,SUZANO S.A.,Liquidez corrente,"5,08343437297708","5,08343437297708",0
,Utilidade Pública,TAESA       ,Liquidez corrente,"2,98029699832252","2,98029699832252",0
,Consumo Cíclico,TECNISA     ,Liquidez corrente,"1,3463463974439","1,34495549381748","-0,001390903626412"
,Bens Industriais,TEGMA       ,Liquidez corrente,"1,97788938244981","1,81095336209302","-0,166936020356789"
,Comunicações,TELEF BRASIL,Liquidez corrente,"1,07005329582153","1,07005329582153",0
,Consumo não Cíclico,TERRA SANTA,Liquidez corrente,"0,89229194652338","0,85706444565811","-0,03522750086527"
,Comunicações,TIM,Liquidez corrente,"0,84774624793951","0,761965100190269","-0,085781147749241"
,Consumo Cíclico,TIME FOR FUN,Liquidez corrente,"2,23423362755237","2,23423362755237",0
,Tecnologia da Informação,TOTVS       ,Liquidez corrente,"1,43759406548931","1,37272537660887","-0,064868688880438"
,Consumo Cíclico,TRACK FIELD,Liquidez corrente,"3,38687959918585","2,93116531165312","-0,45571428753273"
,Consumo Cíclico,TRISUL      ,Liquidez corrente,"2,58679977814753","2,58679977814753",0
,Bens Industriais,TRIUNFO PART,Liquidez corrente,"0,159738665933383","0,159738665933383",0
,Bens Industriais,TUPY        ,Liquidez corrente,"2,00103935857701","1,98087253723068","-0,020166821346331"
,"Petróleo, Gás e Biocombustíveis",ULTRAPAR    ,Liquidez corrente,"3,04554037543041","2,81747817756314","-0,228062197867276"
,Consumo Cíclico,UNIDAS      ,Liquidez corrente,"3,26187299471348","3,23066311803306","-0,031209876680421"
,Materiais Básicos,VALE        ,Liquidez corrente,"1,67935383307354","1,67935383307354",0
,Bens Industriais,VALID       ,Liquidez corrente,"1,19611159389999","1,19183865472531","-0,004272939174679"
,Consumo Cíclico,VAMOS,Liquidez corrente,"0,858835244832086","0,844755344480451","-0,014079900351635"
,Consumo Cíclico,VIAVAREJO,Liquidez corrente,"0,934466019417476","0,903608988423999","-0,030857030993476"
,Consumo Cíclico,VULCABRAS   ,Liquidez corrente,"2,90871058609723","2,81133938044082","-0,097371205656413"
,Tecnologia da Informação,WESTWING,Liquidez corrente,"0,708208260014491","0,708208260014491",0
,Consumo Cíclico,WHIRLPOOL   ,Liquidez corrente,"1,2247623811218","1,2247623811218",0
,Bens Industriais,WILSON SONS ,Liquidez corrente,"1,49218118472972","1,49218118472972",0
,Bens Industriais,WLM IND COM ,Liquidez corrente,"2,54148735690378","2,54148735690378",0
,"Petróleo, Gás e Biocombustíveis",3R PETROLEUM,Liquidez Geral,"0,275670148027694","0,265843248836006","-0,009826899191688"
,Comunicações,ALGAR TELEC,Liquidez Geral,"0,411333642744024","0,357122248340376","-0,054211394403648"
,Saúde,ALLIAR,Liquidez Geral,"0,781060860885949","0,619106744074396","-0,161954116811552"
,Consumo Cíclico,ALPARGATAS  ,Liquidez Geral,"1,59403800784894","1,2998188024331","-0,294219205415842"
,Utilidade Pública,ALUPAR,Liquidez Geral,"1,16803147705938","1,16350704479391","-0,004524432265467"
,Consumo não Cíclico,AMBEV S/A,Liquidez Geral,"0,880890262103829","0,846856508670371","-0,034033753433457"
,Utilidade Pública,AMBIPAR,Liquidez Geral,"0,69555361307475","0,680666721090947","-0,014886891983803"
,Utilidade Pública,AMPLA ENERG ,Liquidez Geral,"1,02334825817372","1,01537813858054","-0,00797011959318"
,Consumo Cíclico,ANIMA,Liquidez Geral,"0,675008736324292","0,418784888416629","-0,256223847907664"
,Consumo Cíclico,AREZZO CO   ,Liquidez Geral,"2,67115886001978","1,67084187025627","-1,00031698976351"
,Bens Industriais,ATMASA,Liquidez Geral,"0,723892069966272","0,572501042162935","-0,151391027803337"
,Bens Industriais,AZUL,Liquidez Geral,"0,867654649061024","0,435597603772022","-0,432057045289001"
,Consumo Cíclico,B2W DIGITAL,Liquidez Geral,"1,01426328189096","0,985224390589916","-0,029038891301048"
,Consumo Cíclico,BAHEMA      ,Liquidez Geral,"1,30026356693924","0,806184659864658","-0,494078907074586"
,Bens Industriais,BBMLOGISTICA,Liquidez Geral,"0,945449676034036","0,843442832532034","-0,102006843502002"
,Consumo não Cíclico,BIOSEV,Liquidez Geral,"0,458650000728098","0,388777326757328","-0,06987267397077"
,Consumo Cíclico,BK BRASIL,Liquidez Geral,"1,09202618614222","0,621503348241777","-0,470522837900441"
,Consumo não Cíclico,BOMBRIL     ,Liquidez Geral,"0,627649108602298","0,623538302528131","-0,004110806074167"
,Consumo não Cíclico,BRASILAGRO  ,Liquidez Geral,"2,74714703686021","2,23855962045293","-0,508587416407284"
,Materiais Básicos,BRASKEM     ,Liquidez Geral,"0,600040741150365","0,57528919103164","-0,024751550118725"
,Consumo não Cíclico,BRF SA   ,Liquidez Geral,"0,762683454517282","0,718372934105007","-0,044310520412275"
,Consumo não Cíclico,CAMIL,Liquidez Geral,"1,1625312838334","1,11299315043334","-0,049538133400059"
,Consumo não Cíclico,CARREFOUR BR,Liquidez Geral,"1,03526292532037","0,995707424879935","-0,039555500440436"
,Bens Industriais,CCR SA      ,Liquidez Geral,"0,48572965051031","0,482687995087264","-0,003041655423046"
,Consumo Cíclico,CEA MODAS,Liquidez Geral,"1,11899218803553","0,644846905334124","-0,474145282701409"
,Consumo Cíclico,CEDRO       ,Liquidez Geral,"0,785819542506629","0,778401033250328","-0,007418509256301"
,Utilidade Pública,CEEE-D      ,Liquidez Geral,"0,462008961723486","0,45792404942873","-0,004084912294756"
,Utilidade Pública,CEG         ,Liquidez Geral,"0,538911233962339","0,536289987494249","-0,00262124646809"
,Utilidade Pública,CEMIG       ,Liquidez Geral,"0,93774324355773","0,930487342840118","-0,007255900717612"
,Consumo Cíclico,CENTAURO,Liquidez Geral,"0,775255844404781","0,492019794401434","-0,283236050003346"
,Comunicações,CINESYSTEM,Liquidez Geral,"0,200590041447205","0,139945522984938","-0,060644518462267"
,Consumo Cíclico,COGNA ON,Liquidez Geral,"0,587019583838679","0,466098124107938","-0,12092145973074"
,Utilidade Pública,COPASA      ,Liquidez Geral,"0,864643147803715","0,857985824994309","-0,006657322809406"
,Utilidade Pública,COPEL       ,Liquidez Geral,"0,851903803053667","0,846803160810207","-0,00510064224346"
,"Petróleo, Gás e Biocombustíveis",COSAN       ,Liquidez Geral,"0,569387887260421","0,567121062841806","-0,002266824418615"
,Materiais Básicos,CRISTAL,Liquidez Geral,"3,1593652863313","3,00594809539106","-0,153417190940247"
,Consumo Cíclico,CRUZEIRO EDU,Liquidez Geral,"0,24760801783139","0,181108470343153","-0,066499547488237"
,Bens Industriais,CSU CARDSYST,Liquidez Geral,"0,85667385306973","0,513996901809375","-0,342676951260355"
,Consumo Cíclico,CURY S/A,Liquidez Geral,"1,41341857524238","0,457880617507352","-0,955537957735025"
,Consumo Cíclico,CVC BRASIL,Liquidez Geral,"1,13770986473096","1,11662397455183","-0,021085890179127"
,Consumo Cíclico,CYRELA REALT,Liquidez Geral,"2,06384381807857","2,05694508633603","-0,006898731742538"
,Saúde,D1000VFARMA,Liquidez Geral,"0,569857830772759","0,428958565276303","-0,140899265496455"
,Saúde,DASA        ,Liquidez Geral,"0,667882227762151","0,529305307017891","-0,13857692074426"
,Consumo Cíclico,DIRECIONAL  ,Liquidez Geral,"1,3862028984084","1,36940063770526","-0,01680226070314"
,"Petróleo, Gás e Biocombustíveis",DOMMO,Liquidez Geral,"0,387483617751809","0,174732420569815","-0,212751197181994"
,Bens Industriais,DTCOM-DIRECT,Liquidez Geral,"0,500868055555556","0,449643758349414","-0,051224297206142"
,Materiais Básicos,DURATEX     ,Liquidez Geral,"1,19046992247355","1,0788252162765","-0,111644706197046"
,Utilidade Pública,ELETROBRAS  ,Liquidez Geral,"0,960108692196867","0,957506739704409","-0,002601952492458"
,Bens Industriais,EMBRAER     ,Liquidez Geral,"1,5837799008233","1,57156038685754","-0,012219513965767"
,"Petróleo, Gás e Biocombustíveis",ENAUTA PART,Liquidez Geral,"3,53579023208674","1,7733514279512","-1,76243880413554"
,Utilidade Pública,ENERGIAS BR ,Liquidez Geral,"0,896893526927679","0,896300486580505","-0,000593040347174"
,Utilidade Pública,ENERGISA    ,Liquidez Geral,"0,71077549646894","0,709847777250323","-0,000927719218617"
,Utilidade Pública,ENEVA,Liquidez Geral,"0,486334822854875","0,478831267646066","-0,007503555208809"
,Utilidade Pública,ENGIE BRASIL,Liquidez Geral,"0,447157468219293","0,444822215068365","-0,002335253150928"
,Utilidade Pública,EQUATORIAL  ,Liquidez Geral,"1,01954622258862","1,0167637534391","-0,002782469149527"
,Consumo Cíclico,ESPACOLASER,Liquidez Geral,"0,691791437262916","0,621067971368918","-0,070723465893998"
,Bens Industriais,ESTAPAR,Liquidez Geral,"0,418744789590054","0,164531694625002","-0,254213094965052"
,Bens Industriais,ETERNIT     ,Liquidez Geral,"0,689821615195929","0,674670525753786","-0,015151089442142"
,Materiais Básicos,EUCATEX     ,Liquidez Geral,"0,228091586612884","0,19394603008672","-0,034145556526164"
,Consumo não Cíclico,EXCELSIOR   ,Liquidez Geral,"1,46384440490312","1,4178375661249","-0,046006838778223"
,Consumo Cíclico,EZTEC       ,Liquidez Geral,"8,00807265089123","7,64679069319441","-0,36128195769682"
,Saúde,FLEURY      ,Liquidez Geral,"0,687929156713278","0,500565815832335","-0,187363340880943"
,Bens Industriais,FLEX S/A,Liquidez Geral,"0,638309400311285","0,574138455521272","-0,064170944790012"
,Bens Industriais,FRAS-LE     ,Liquidez Geral,"1,23215057953081","1,10676654329519","-0,125384036235624"
,Consumo Cíclico,GAFISA      ,Liquidez Geral,"1,07222654787862","1,06988112170228","-0,002345426176339"
,Materiais Básicos,GERDAU      ,Liquidez Geral,"0,963531635329138","0,932748473900243","-0,030783161428895"
,Bens Industriais,GOL         ,Liquidez Geral,"0,388451678110234","0,285446211049059","-0,103005467061175"
,Materiais Básicos,GPC PART    ,Liquidez Geral,"0,583793386928422","0,577168357640126","-0,006625029288297"
,Consumo Cíclico,GRENDENE    ,Liquidez Geral,"8,60655675563665","7,00362135550977","-1,60293540012688"
,Consumo não Cíclico,GRUPO MATEUS,Liquidez Geral,"1,50027147531753","1,30165635915035","-0,198615116167185"
,Consumo não Cíclico,GRUPO NATURA      ,Liquidez Geral,"0,639750412461197","0,555214281948055","-0,084536130513142"
,Consumo Cíclico,GRUPO SOMA,Liquidez Geral,"1,08475449759879","0,850054208172121","-0,234700289426667"
,Consumo Cíclico,GUARARAPES  ,Liquidez Geral,"0,611396271721762","0,571493402038223","-0,039902869683539"
,Saúde,HAPVIDA,Liquidez Geral,"3,42066966263488","2,09270167587438","-1,3279679867605"
,Consumo Cíclico,HELBOR      ,Liquidez Geral,"1,26853860483541","1,25880659747814","-0,009732007357269"
,Bens Industriais,HIDROVIAS,Liquidez Geral,"0,47581839582003","0,469995613631656","-0,005822782188374"
,Saúde,HYPERA,Liquidez Geral,"1,99202726824393","1,94454056103593","-0,047486707208001"
,Utilidade Pública,IGUA SA  ,Liquidez Geral,"0,83027536008477","0,825488523048886","-0,004786837035884"
,Bens Industriais,INDS ROMI   ,Liquidez Geral,"0,999505090186016","0,992630695147008","-0,006874395039007"
,Consumo Cíclico,INTER SA ,Liquidez Geral,"1,0099589044322","1,00549524624565","-0,00446365818655"
,Saúde,INTERMEDICA,Liquidez Geral,"0,902529450632517","0,799171344047499","-0,103358106585017"
,Consumo Cíclico,IOCHP-MAXION,Liquidez Geral,"0,671226284703306","0,66289817976178","-0,008328104941526"
,Materiais Básicos,IRANI ,Liquidez Geral,"0,478308332034742","0,46846393100767","-0,009844401027072"
,Consumo não Cíclico,JALLESMACHAD,Liquidez Geral,"1,12629156035913","0,804076568284106","-0,322214992075024"
,Consumo não Cíclico,JBS         ,Liquidez Geral,"0,573573060447991","0,542860868146436","-0,030712192301555"
,Consumo Cíclico,JHSF PART   ,Liquidez Geral,"0,544585493519344","0,530013423167455","-0,014572070351889"
,Consumo não Cíclico,JOSAPAR     ,Liquidez Geral,"1,10044505247117","1,09740536162519","-0,00303969084598"
,Bens Industriais,JSL         ,Liquidez Geral,"0,472250920986682","0,43933550195177","-0,032915419034912"
,Consumo Cíclico,KARSTEN     ,Liquidez Geral,"0,338041129405981","0,332728426063983","-0,005312703341998"
,Bens Industriais,KEPLER WEBER,Liquidez Geral,"2,21175849389169","2,15119763244525","-0,060560861446438"
,Materiais Básicos,KLABIN S/A  ,Liquidez Geral,"0,740797011737358","0,729028884858039","-0,011768126879319"
,Utilidade Pública,LIGHT S/A   ,Liquidez Geral,"0,874668194349246","0,870062054157981","-0,004606140191266"
,Tecnologia da Informação,LINX,Liquidez Geral,"1,2257569008937","1,04560118312146","-0,180155717772235"
,Consumo Cíclico,LOCALIZA    ,Liquidez Geral,"0,356215417649272","0,337669953802192","-0,01854546384708"
,Tecnologia da Informação,LOCAWEB,Liquidez Geral,"0,515737587631069","0,384636973130295","-0,131100614500774"
,Bens Industriais,LOG-IN      ,Liquidez Geral,"0,388549770702993","0,365638747146122","-0,022911023556871"
,Consumo Cíclico,LOJAS MARISA,Liquidez Geral,"1,28903685757643","0,991370036945393","-0,297666820631039"
,Consumo Cíclico,LOJAS RENNER,Liquidez Geral,"1,27226491286615","0,902517272613575","-0,369747640252579"
,Consumo não Cíclico,M.DIASBRANCO,Liquidez Geral,"1,26858604494165","1,22953172961719","-0,039054315324462"
,Consumo Cíclico,MAGAZ LUIZA ,Liquidez Geral,"1,09876023061137","0,845269534908984","-0,253490695702382"
,Materiais Básicos,MANGELS INDL,Liquidez Geral,"0,291928358694722","0,289533146150271","-0,002395212544451"
,Bens Industriais,MARCOPOLO   ,Liquidez Geral,"1,19870477748133","1,18551258090161","-0,013192196579721"
,Consumo não Cíclico,MARFRIG     ,Liquidez Geral,"0,652364821232119","0,639470958274084","-0,012893862958035"
,Materiais Básicos,METAL IGUACU,Liquidez Geral,"1,03666115005408","0,987579026356775","-0,049082123697301"
,Consumo Cíclico,METAL LEVE  ,Liquidez Geral,"1,24920628328782","1,21953427087293","-0,0296720124149"
,Bens Industriais,METALFRIO   ,Liquidez Geral,"1,02351979295697","1,01052877546654","-0,01299101749043"
,Bens Industriais,MILLS       ,Liquidez Geral,"2,0101082322321","1,64951493985254","-0,360593292379554"
,Bens Industriais,MINASMAQUINA,Liquidez Geral,"2,32660347794816","2,24994924840127","-0,076654229546894"
,Consumo não Cíclico,MINERVA     ,Liquidez Geral,"0,650873659626065","0,647513092656046","-0,003360566970019"
,Consumo Cíclico,MITRE REALTY,Liquidez Geral,"1,15048144363819","1,13339987118953","-0,017081572448655"
,Tecnologia da Informação,MOBLY,Liquidez Geral,"0,786493960122253","0,677942587262933","-0,10855137285932"
,Consumo Cíclico,MOURA DUBEUX,Liquidez Geral,"0,886628213759348","0,885021640513802","-0,001606573245545"
,Consumo Cíclico,MOVIDA,Liquidez Geral,"0,452024108811964","0,42270847214427","-0,029315636667694"
,Bens Industriais,MRS LOGIST  ,Liquidez Geral,"0,368134079111505","0,247538144228945","-0,12059593488256"
,Consumo Cíclico,MRV         ,Liquidez Geral,"1,50576155475072","1,49366350604238","-0,01209804870834"
,Tecnologia da Informação,NEOGRID,Liquidez Geral,"0,390545913420275","0,378404498725631","-0,012141414694644"
,"Petróleo, Gás e Biocombustíveis",OCEANPACT,Liquidez Geral,"0,398121804479787","0,356311867601659","-0,041809936878128"
,Comunicações,OI,Liquidez Geral,"0,703915139269709","0,590534340836441","-0,113380798433267"
,Utilidade Pública,OMEGA GER,Liquidez Geral,"0,241603160661008","0,235967397561677","-0,005635763099331"
,Utilidade Pública,ORIZON,Liquidez Geral,"0,322064356069965","0,317381607697994","-0,004682748371971"
,"Petróleo, Gás e Biocombustíveis",OSX BRASIL  ,Liquidez Geral,"0,00360485468592","0,003329465593971","-0,000275389091949"
,Consumo não Cíclico,P.ACUCAR-CBD,Liquidez Geral,"1,03574916473914","0,918429621741178","-0,117319542997963"
,Saúde,PAGUE MENOS,Liquidez Geral,"1,08787511884004","0,639969071322053","-0,447906047517983"
,Materiais Básicos,PARANAPANEMA,Liquidez Geral,"0,834036185552986","0,826898244868281","-0,007137940684705"
,"Petróleo, Gás e Biocombustíveis",PET MANGUINH,Liquidez Geral,"0,372989451935574","0,372758608331595","-0,000230843603979"
,"Petróleo, Gás e Biocombustíveis",PETROBRAS   ,Liquidez Geral,"0,484758982892205","0,484671878384362","-8,71045078436605E-05"
,"Petróleo, Gás e Biocombustíveis",PETRORIO,Liquidez Geral,"2,06904791331933","0,692518386569875","-1,37652952674945"
,Consumo Cíclico,PETTENATI   ,Liquidez Geral,"0,618195315474205","0,617763716805556","-0,000431598668649"
,Bens Industriais,PORTOBELLO  ,Liquidez Geral,"0,908784633804167","0,892298949651656","-0,016485684152511"
,Bens Industriais,PRINER,Liquidez Geral,"0,930133867204297","0,87669430712805","-0,053439560076248"
,Saúde,PROFARMA    ,Liquidez Geral,"1,10240164193614","0,973649962857321","-0,128751679078824"
,Saúde,QUALICORP   ,Liquidez Geral,"0,911580823889791","0,864557717616839","-0,047023106272952"
,Consumo Cíclico,QUERO-QUERO,Liquidez Geral,"1,05337560089256","0,917618099394145","-0,135757501498415"
,Saúde,RAIADROGASIL    ,Liquidez Geral,"1,20575583707382","0,665738678813958","-0,540017158259864"
,Bens Industriais,RANDON PART ,Liquidez Geral,"1,08620249686449","1,05472679911804","-0,031475697746451"
,Saúde,REDE D OR,Liquidez Geral,"0,625945052598144","0,539868226555352","-0,086076826042792"
,Utilidade Pública,SABESP      ,Liquidez Geral,"0,591037556900451","0,589443145792378","-0,001594411108073"
,Bens Industriais,SANTOS BRP  ,Liquidez Geral,"0,498116271773605","0,488045297679321","-0,010070974094284"
,Consumo não Cíclico,SAO MARTINHO,Liquidez Geral,"0,564987215526592","0,424105450364968","-0,140881765161624"
,Consumo Cíclico,SARAIVA LIVR,Liquidez Geral,"0,844205111943256","0,603118865194827","-0,241086246748429"
,Bens Industriais,SEQUOIA LOG,Liquidez Geral,"0,71490961601113","0,470280570872527","-0,244629045138603"
,Consumo Cíclico,SER EDUCA,Liquidez Geral,"1,37151061972833","0,962210278435564","-0,409300341292762"
,Materiais Básicos,SID NACIONAL,Liquidez Geral,"0,643965050837105","0,633089705821406","-0,010875345015699"
,Tecnologia da Informação,SINQIA,Liquidez Geral,"0,834918428560978","0,640384183749813","-0,194534244811165"
,Consumo não Cíclico,SLC AGRICOLA,Liquidez Geral,"0,930610608541521","0,796911369999306","-0,133699238542216"
,Consumo Cíclico,SMART FIT,Liquidez Geral,"0,370747387956899","0,219654200475652","-0,151093187481247"
,Bens Industriais,SONDOTECNICA,Liquidez Geral,"6,01208780093061","5,10899557312932","-0,903092227801285"
,Consumo Cíclico,SPRINGS     ,Liquidez Geral,"1,1296286154517","0,991294386429613","-0,138334229022083"
,Utilidade Pública,STATKRAFT,Liquidez Geral,"0,56469881257125","0,561970129885358","-0,002728682685892"
,Materiais Básicos,SUZANO S.A.,Liquidez Geral,"0,872371199561388","0,806390588448294","-0,065980611113094"
,Utilidade Pública,TAESA       ,Liquidez Geral,"2,1084910349084","2,08820096690664","-0,020290068001757"
,Consumo Cíclico,TECNISA     ,Liquidez Geral,"0,977849066544655","0,973633054325796","-0,004216012218859"
,Bens Industriais,TEGMA       ,Liquidez Geral,"1,22705892124863","1,05319733208","-0,173861589168632"
,Comunicações,TELEF BRASIL,Liquidez Geral,"0,843933043079552","0,660141245545534","-0,183791797534019"
,Consumo não Cíclico,TERRA SANTA,Liquidez Geral,"0,682063026828427","0,601718931680424","-0,080344095148003"
,Comunicações,TIM,Liquidez Geral,"0,828103258951783","0,577726912987683","-0,2503763459641"
,Consumo Cíclico,TIME FOR FUN,Liquidez Geral,"1,5878073985797","1,43402358018433","-0,153783818395373"
,Tecnologia da Informação,TOTVS       ,Liquidez Geral,"1,20580713417348","0,99431849613583","-0,211488638037653"
,Consumo Cíclico,TRACK FIELD,Liquidez Geral,"3,02845184558529","1,41386299148764","-1,61458885409765"
,Consumo Cíclico,TRISUL      ,Liquidez Geral,"2,16517945218993","2,13727061381977","-0,027908838370156"
,Bens Industriais,TRIUNFO PART,Liquidez Geral,"0,176613135129522","0,175370314127111","-0,001242821002411"
,Bens Industriais,TUPY        ,Liquidez Geral,"1,1247435592572","1,11461165393147","-0,010131905325728"
,"Petróleo, Gás e Biocombustíveis",ULTRAPAR    ,Liquidez Geral,"0,849936292375827","0,513115692336408","-0,336820600039419"
,Consumo Cíclico,UNIDAS      ,Liquidez Geral,"0,958826704399194","0,952053439152741","-0,006773265246453"
,Materiais Básicos,VALE        ,Liquidez Geral,"0,659923823126823","0,633611034924118","-0,026312788202705"
,Bens Industriais,VALID       ,Liquidez Geral,"0,827471027215857","0,820368542227927","-0,007102484987931"
,Consumo Cíclico,VAMOS,Liquidez Geral,"0,352893202186762","0,339673272726423","-0,013219929460339"
,Consumo Cíclico,VIAVAREJO,Liquidez Geral,"0,971636005660493","0,795048558345494","-0,176587447315"
,Consumo Cíclico,VULCABRAS   ,Liquidez Geral,"2,219669306093","2,09280638562354","-0,126862920469462"
,Tecnologia da Informação,WESTWING,Liquidez Geral,"0,680749277748439","0,589371201118821","-0,091378076629618"
,Consumo Cíclico,WHIRLPOOL   ,Liquidez Geral,"1,22691061151877","1,19885613434102","-0,028054477177751"
,Bens Industriais,WILSON SONS ,Liquidez Geral,"0,617995822251918","0,353794054909797","-0,264201767342121"
,Bens Industriais,WLM IND COM ,Liquidez Geral,"1,68016197754633","1,66583965466661","-0,014322322879717"
,"Petróleo, Gás e Biocombustíveis",3R PETROLEUM,Endividamento,"0,233085468449001","0,241701475857596","0,008616007408594"
,Comunicações,ALGAR TELEC,Endividamento,"1,96430858052735","2,26249350175757","0,298184921230223"
,Saúde,ALLIAR,Endividamento,"0,699935062536931","0,883033318150483","0,183098255613551"
,Consumo Cíclico,ALPARGATAS  ,Endividamento,"0,611484234998409","0,749896147034745","0,138411912036336"
,Utilidade Pública,ALUPAR,Endividamento,"1,33268265899932","1,33786495028753","0,005182291288209"
,Consumo não Cíclico,AMBEV S/A,Endividamento,"0,665907873193136","0,69266960216802","0,026761728974884"
,Utilidade Pública,AMBIPAR,Endividamento,"1,51833576561941","1,55154335435196","0,033207588732549"
,Utilidade Pública,AMPLA ENERG ,Endividamento,"1,77392577021477","1,78785004138117","0,013924271166406"
,Consumo Cíclico,ANIMA,Endividamento,"1,17432871000182","1,8928145701835","0,718485860181676"
,Consumo Cíclico,AREZZO CO   ,Endividamento,"0,469099251836669","0,749944471154522","0,280845219317853"
,Bens Industriais,ATMASA,Endividamento,"15,2805244927067","19,321275754198","4,04075126149126"
,Bens Industriais,AZUL,Endividamento,"2,72766254701773","-14,9946662632017","-12,267003716184"
,Consumo Cíclico,B2W DIGITAL,Endividamento,"2,6830063483941","2,78049106042573","0,097484712031627"
,Consumo Cíclico,BAHEMA      ,Endividamento,"0,382623311138406","0,617118107182106","0,2344947960437"
,Bens Industriais,BBMLOGISTICA,Endividamento,"2,13926302669669","2,39798769700868","0,258724670311997"
,Consumo não Cíclico,BIOSEV,Endividamento,"15,5942298525277","18,3968895328106","2,80265968028286"
,Consumo Cíclico,BK BRASIL,Endividamento,"0,470990588016028","0,82756441617743","0,356573828161402"
,Consumo não Cíclico,BOMBRIL     ,Endividamento,"-3,80669375986478","-3,83179018099416","-0,02509642112938"
,Consumo não Cíclico,BRASILAGRO  ,Endividamento,"0,462651249300532","0,567762858314435","0,105111609013903"
,Materiais Básicos,BRASKEM     ,Endividamento,"9,01379269510907","9,36710174582253","0,353309050713465"
,Consumo não Cíclico,BRF SA   ,Endividamento,"4,62714177544024","5,03185852357825","0,404716748138004"
,Consumo não Cíclico,CAMIL,Endividamento,"1,04537795368157","1,09179385978863","0,046415906107056"
,Consumo não Cíclico,CARREFOUR BR,Endividamento,"1,61102014665053","1,6764517278233","0,065431581172769"
,Bens Industriais,CCR SA      ,Endividamento,"2,65433061211228","2,67105686008832","0,016726247976042"
,Consumo Cíclico,CEA MODAS,Endividamento,"2,11947564165917","3,67789108721758","1,55841544555841"
,Consumo Cíclico,CEDRO       ,Endividamento,"2,39968184148615","2,4225518804414","0,022870038955252"
,Utilidade Pública,CEEE-D      ,Endividamento,"-2,76369439233545","-2,78834793306187","-0,02465354072642"
,Utilidade Pública,CEG         ,Endividamento,"1,5184696641324","1,5261157470883","0,007646082955909"
,Utilidade Pública,CEMIG       ,Endividamento,"2,75515685198001","2,77664144791057","0,021484595930556"
,Consumo Cíclico,CENTAURO,Endividamento,"8,39236618894414","13,2235146032675","4,83114841432332"
,Comunicações,CINESYSTEM,Endividamento,"3,05099794540652","4,48930347009491","1,4383055246884"
,Consumo Cíclico,COGNA ON,Endividamento,"0,828479327604896","1,0556893303996","0,227210002794701"
,Utilidade Pública,COPASA      ,Endividamento,"0,7952564411617","0,801427031270351","0,006170590108651"
,Utilidade Pública,COPEL       ,Endividamento,"1,19941413598034","1,20663869853811","0,007224562557763"
,"Petróleo, Gás e Biocombustíveis",COSAN       ,Endividamento,"1,63566872251761","1,64245294825212","0,006784225734503"
,Materiais Básicos,CRISTAL,Endividamento,"0,344963715296603","0,360138660624531","0,015174945327928"
,Consumo Cíclico,CRUZEIRO EDU,Endividamento,"2,87947377244532","3,93676116772314","1,05728739527782"
,Bens Industriais,CSU CARDSYST,Endividamento,"0,633641289679656","1,05608404094089","0,422442751261237"
,Consumo Cíclico,CURY S/A,Endividamento,"2,25840696731834","6,97141183971014","4,7130048723918"
,Consumo Cíclico,CVC BRASIL,Endividamento,"6,86188434236984","6,99146148110462","0,129577138734781"
,Consumo Cíclico,CYRELA REALT,Endividamento,"0,774937425636231","0,777536467026412","0,002599041390181"
,Saúde,D1000VFARMA,Endividamento,"1,06458897003479","1,48380060443595","0,419211634401159"
,Saúde,DASA        ,Endividamento,"1,17485278120754","1,48243987430666","0,30758709309912"
,Consumo Cíclico,DIRECIONAL  ,Endividamento,"2,33866728487392","2,36736224552781","0,028694960653883"
,"Petróleo, Gás e Biocombustíveis",DOMMO,Endividamento,"-2,69850139497808","-3,86671119184399","-1,16820979686592"
,Bens Industriais,DTCOM-DIRECT,Endividamento,"3,76060935799782","4,29861221885468","0,538002860856857"
,Materiais Básicos,DURATEX     ,Endividamento,"1,04576700906412","1,15399061073381","0,108223601669692"
,Utilidade Pública,ELETROBRAS  ,Endividamento,"2,23537960398756","2,24145407980168","0,006074475814115"
,Bens Industriais,EMBRAER     ,Endividamento,"0,90085820609543","0,90786274090212","0,00700453480669"
,"Petróleo, Gás e Biocombustíveis",ENAUTA PART,Endividamento,"0,232513133726322","0,463595457788771","0,231082324062449"
,Utilidade Pública,ENERGIAS BR ,Endividamento,"1,35380436630796","1,35470011569493","0,000895749386976"
,Utilidade Pública,ENERGISA    ,Endividamento,"5,02196599999206","5,02852934289845","0,00656334290639"
,Utilidade Pública,ENEVA,Endividamento,"0,957338777952475","0,972340814910533","0,015002036958058"
,Utilidade Pública,ENGIE BRASIL,Endividamento,"2,75528136117952","2,76939194000801","0,014110578828484"
,Utilidade Pública,EQUATORIAL  ,Endividamento,"2,89233909838909","2,90025425496702","0,007915156577933"
,Consumo Cíclico,ESPACOLASER,Endividamento,"2,81740804190296","3,13823743698803","0,320829395085066"
,Bens Industriais,ESTAPAR,Endividamento,"0,714531756247523","2,30143427667025","1,58690252042272"
,Bens Industriais,ETERNIT     ,Endividamento,"45,4600816326531","46,4809795918367","1,02089795918368"
,Materiais Básicos,EUCATEX     ,Endividamento,"0,176466489570178","0,207534650603936","0,031068161033758"
,Consumo não Cíclico,EXCELSIOR   ,Endividamento,"0,82332594054571","0,850041711599894","0,026715771054184"
,Consumo Cíclico,EZTEC       ,Endividamento,"0,127820427059111","0,133859459115089","0,006039032055979"
,Saúde,FLEURY      ,Endividamento,"1,23459151375374","1,69670295509443","0,462111441340693"
,Bens Industriais,FLEX S/A,Endividamento,"4,04555608298663","4,50401252691329","0,458456443926665"
,Bens Industriais,FRAS-LE     ,Endividamento,"0,847673490127758","0,943705236159504","0,096031746031746"
,Consumo Cíclico,GAFISA      ,Endividamento,"4,12231569513637","4,13135276191171","0,009037066775347"
,Materiais Básicos,GERDAU      ,Endividamento,"0,977018279071734","1,00926246091198","0,032244181840241"
,Bens Industriais,GOL         ,Endividamento,"-3,30354216574913","-2,9176884117648","0,385853753984329"
,Materiais Básicos,GPC PART    ,Endividamento,"3,46165365450718","3,5013882597458","0,039734605238615"
,Consumo Cíclico,GRENDENE    ,Endividamento,"0,114201790339049","0,140339424457193","0,026137634118144"
,Consumo não Cíclico,GRUPO MATEUS,Endividamento,"1,1185926194374","1,29291004561632","0,174317426178924"
,Consumo não Cíclico,GRUPO NATURA      ,Endividamento,"4,97472400083602","5,79030075043392","0,815576749597905"
,Consumo Cíclico,GRUPO SOMA,Endividamento,"1,62348929341558","2,07173530335542","0,448246009939849"
,Consumo Cíclico,GUARARAPES  ,Endividamento,"-4,51906914006148","-4,83460003918236","-0,315530899120883"
,Saúde,HAPVIDA,Endividamento,"0,352432086148778","0,576075299755536","0,223643213606759"
,Consumo Cíclico,HELBOR      ,Endividamento,"2,60122622502839","2,62133666360618","0,020110438577788"
,Bens Industriais,HIDROVIAS,Endividamento,"1,95562669335986","1,97985497963942","0,024228286279558"
,Saúde,HYPERA,Endividamento,"0,277207917613","0,283977481325477","0,006769563712477"
,Utilidade Pública,IGUA SA  ,Endividamento,"2,3890341688046","2,40288768332348","0,01385351451888"
,Bens Industriais,INDS ROMI   ,Endividamento,"1,66685223257839","1,67839590211674","0,011543669538345"
,Consumo Cíclico,INTER SA ,Endividamento,"13,8640111011346","13,9255570973798","0,061545996245204"
,Saúde,INTERMEDICA,Endividamento,"1,45970346977541","1,64848925136695","0,188785781591537"
,Consumo Cíclico,IOCHP-MAXION,Endividamento,"1,81979486182233","1,8426572606703","0,02286239884797"
,Materiais Básicos,IRANI ,Endividamento,"3,9664729955692","4,04982530563381","0,083352310064608"
,Consumo não Cíclico,JALLESMACHAD,Endividamento,"1,09026761136136","1,52716701076076","0,436899399399399"
,Consumo não Cíclico,JBS         ,Endividamento,"3,08448355195511","3,25837843507905","0,173894883123933"
,Consumo Cíclico,JHSF PART   ,Endividamento,"1,12374693902035","1,15632705020349","0,032580111183149"
,Consumo não Cíclico,JOSAPAR     ,Endividamento,"1,74833971912604","1,75318242577368","0,004842706647633"
,Bens Industriais,JSL         ,Endividamento,"8,94596790790618","9,61620803430946","0,670240126403282"
,Consumo Cíclico,KARSTEN     ,Endividamento,"-2,3140944085914","-2,35104375266656","-0,036949344075152"
,Bens Industriais,KEPLER WEBER,Endividamento,"0,596900402471515","0,613704438523893","0,016804036052378"
,Materiais Básicos,KLABIN S/A  ,Endividamento,"3,53584873026053","3,59292509218258","0,057076361922051"
,Utilidade Pública,LIGHT S/A   ,Endividamento,"4,27031867902329","4,29292590158053","0,022607222557245"
,Tecnologia da Informação,LINX,Endividamento,"0,558514919944874","0,645343541343292","0,086828621398418"
,Consumo Cíclico,LOCALIZA    ,Endividamento,"3,52169978994991","3,71511811278074","0,193418322830829"
,Tecnologia da Informação,LOCAWEB,Endividamento,"3,52364660238676","4,72465500024555","1,20100839785879"
,Bens Industriais,LOG-IN      ,Endividamento,"-4,22370265095438","-4,48836101030096","-0,264658359346581"
,Consumo Cíclico,LOJAS MARISA,Endividamento,"2,24767498826582","2,92255746668981","0,674882478423994"
,Consumo Cíclico,LOJAS RENNER,Endividamento,"1,23062870968656","1,73479863002059","0,504169920334039"
,Consumo não Cíclico,M.DIASBRANCO,Endividamento,"0,403755194096633","0,416380238331857","0,012625044235224"
,Consumo Cíclico,MAGAZ LUIZA ,Endividamento,"2,81990010734422","3,66556934123998","0,845669233895761"
,Materiais Básicos,MANGELS INDL,Endividamento,"-1,95764915894267","-1,97384414692757","-0,016194987984895"
,Bens Industriais,MARCOPOLO   ,Endividamento,"1,41151936798444","1,42722653236086","0,015707164376419"
,Consumo não Cíclico,MARFRIG     ,Endividamento,"5,60697878654099","5,72003414135708","0,113055354816098"
,Materiais Básicos,METAL IGUACU,Endividamento,"3,22418197299599","3,38442200867697","0,16024003568098"
,Consumo Cíclico,METAL LEVE  ,Endividamento,"0,7119231363378","0,72924466033626","0,01732152399846"
,Bens Industriais,METALFRIO   ,Endividamento,"14,8818369984105","15,0731528811737","0,191315882763274"
,Bens Industriais,MILLS       ,Endividamento,"0,352306849577974","0,429323118875023","0,07701626929705"
,Bens Industriais,MINASMAQUINA,Endividamento,"0,584132938219738","0,604033947259837","0,019901009040099"
,Consumo não Cíclico,MINERVA     ,Endividamento,"-43,5899194325073","-43,8161493653566","-0,226229932849357"
,Consumo Cíclico,MITRE REALTY,Endividamento,"5,72989332671794","5,81624906970975","0,086355742991813"
,Tecnologia da Informação,MOBLY,Endividamento,"-36,8127954617082","-42,7072171446581","-5,89442168294989"
,Consumo Cíclico,MOURA DUBEUX,Endividamento,"8,81520768617974","8,83120986756631","0,01600218138657"
,Consumo Cíclico,MOVIDA,Endividamento,"0,831460865773128","0,889124258514621","0,057663392741493"
,Bens Industriais,MRS LOGIST  ,Endividamento,"1,08604141244215","1,6151403917635","0,529098979321353"
,Consumo Cíclico,MRV         ,Endividamento,"1,79754855078975","1,81210794106412","0,014559390274374"
,Tecnologia da Informação,NEOGRID,Endividamento,"1,65398250460405","1,7070518723143","0,053069367710252"
,"Petróleo, Gás e Biocombustíveis",OCEANPACT,Endividamento,"2,26473657108786","2,53048268198818","0,26574611090032"
,Comunicações,OI,Endividamento,"1,85806853489488","2,21481204574933","0,356743510854453"
,Utilidade Pública,OMEGA GER,Endividamento,"1,20278854363876","1,23151552609728","0,028726982458523"
,Utilidade Pública,ORIZON,Endividamento,"-9,59402262896801","-9,73557586569243","-0,141553236724421"
,"Petróleo, Gás e Biocombustíveis",OSX BRASIL  ,Endividamento,"-1,43731800997853","-1,55620246468716","-0,118884454708632"
,Consumo não Cíclico,P.ACUCAR-CBD,Endividamento,"2,79144845397805","3,71069230184664","0,919243847868598"
,Saúde,PAGUE MENOS,Endividamento,"2,27441226807073","3,866243897236","1,59183162916527"
,Materiais Básicos,PARANAPANEMA,Endividamento,"6,67388717288219","6,73149741824441","0,057610245362218"
,"Petróleo, Gás e Biocombustíveis",PET MANGUINH,Endividamento,"-1,70433427374695","-1,70538974143392","-0,001055467686978"
,"Petróleo, Gás e Biocombustíveis",PETROBRAS   ,Endividamento,"1,37492284483889","1,37517228717255","0,000249442333661"
,"Petróleo, Gás e Biocombustíveis",PETRORIO,Endividamento,"0,543697959831965","1,62441481855557","1,08071685872361"
,Consumo Cíclico,PETTENATI   ,Endividamento,"-2,69931557714118","-2,70068859423427","-0,001373017093086"
,Bens Industriais,PORTOBELLO  ,Endividamento,"3,54510383298354","3,61060145808019","0,065497625096653"
,Bens Industriais,PRINER,Endividamento,"2,14515568056375","2,27591525654403","0,130759575980281"
,Saúde,PROFARMA    ,Endividamento,"1,83019278092382","2,13182438190951","0,301631600985682"
,Saúde,QUALICORP   ,Endividamento,"0,50746381492746","0,534794140470454","0,027330325542994"
,Consumo Cíclico,QUERO-QUERO,Endividamento,"7,41442130163859","8,96443546426835","1,55001416262976"
,Saúde,RAIADROGASIL    ,Endividamento,"1,07991219789027","1,97704503553325","0,89713283764298"
,Bens Industriais,RANDON PART ,Endividamento,"1,84732031564416","1,90244899535981","0,055128679715652"
,Saúde,REDE D OR,Endividamento,"3,20274985660575","3,71339769380972","0,510647837203966"
,Utilidade Pública,SABESP      ,Endividamento,"1,22820239357338","1,2315246131178","0,00332221954442"
,Bens Industriais,SANTOS BRP  ,Endividamento,"1,13129032522647","1,15463487052308","0,023344545296605"
,Consumo não Cíclico,SAO MARTINHO,Endividamento,"1,87487267805167","2,49767856774235","0,622805889690682"
,Consumo Cíclico,SARAIVA LIVR,Endividamento,"7,09369986271688","9,92928265436081","2,83558279164392"
,Bens Industriais,SEQUOIA LOG,Endividamento,"2,53224080267559","3,84945373467113","1,31721293199554"
,Consumo Cíclico,SER EDUCA,Endividamento,"0,652151620183837","0,929560713287541","0,277409093103704"
,Materiais Básicos,SID NACIONAL,Endividamento,"1,69394472642745","1,72304365690764","0,029098930480191"
,Tecnologia da Informação,SINQIA,Endividamento,"0,96017139645968","1,25184977053479","0,291678374075115"
,Consumo não Cíclico,SLC AGRICOLA,Endividamento,"1,05940811227325","1,23714689634469","0,177738784071437"
,Consumo Cíclico,SMART FIT,Endividamento,"2,19006967110531","3,69654943200561","1,5064797609003"
,Bens Industriais,SONDOTECNICA,Endividamento,"0,19812417331356","0,2331456170588","0,03502144374524"
,Consumo Cíclico,SPRINGS     ,Endividamento,"1,43316362802085","1,63316030737139","0,199996679350541"
,Utilidade Pública,STATKRAFT,Endividamento,"0,830811739483706","0,834845800171641","0,004034060687936"
,Materiais Básicos,SUZANO S.A.,Endividamento,"3,48469445411105","3,79222339849608","0,307528944385027"
,Utilidade Pública,TAESA       ,Endividamento,"0,884557305997395","0,893152133877742","0,008594827880348"
,Consumo Cíclico,TECNISA     ,Endividamento,"1,47473508258063","1,48112095978571","0,006385877205089"
,Bens Industriais,TEGMA       ,Endividamento,"0,671097833896262","0,781882520046576","0,110784686150314"
,Comunicações,TELEF BRASIL,Endividamento,"0,432280074970855","0,552632397376308","0,120352322405453"
,Consumo não Cíclico,TERRA SANTA,Endividamento,"1,48595167046984","1,68436231722172","0,198410646751879"
,Comunicações,TIM,Endividamento,"0,614455779555043","0,879985321424976","0,265529541869933"
,Consumo Cíclico,TIME FOR FUN,Endividamento,"1,03860021525951","1,14997907199235","0,111378856732839"
,Tecnologia da Informação,TOTVS       ,Endividamento,"0,856264457934204","1,03838940553632","0,182124947602118"
,Consumo Cíclico,TRACK FIELD,Endividamento,"0,44640337103218","0,956182544572757","0,509779173540578"
,Consumo Cíclico,TRISUL      ,Endividamento,"0,810323551893367","0,820904892829368","0,010581340936001"
,Bens Industriais,TRIUNFO PART,Endividamento,"3,07245766221601","3,09423167186313","0,021774009647114"
,Bens Industriais,TUPY        ,Endividamento,"1,23103343101679","1,24222361921541","0,01119018819862"
,"Petróleo, Gás e Biocombustíveis",ULTRAPAR    ,Endividamento,"0,232175129298415","0,378085158324883","0,145910029026468"
,Consumo Cíclico,UNIDAS      ,Endividamento,"0,52506839641686","0,528803929922863","0,003735533506004"
,Materiais Básicos,VALE        ,Endividamento,"0,967452197394103","1,0076288410495","0,040176643655395"
,Bens Industriais,VALID       ,Endividamento,"1,57863346802606","1,59230076501632","0,013667296990265"
,Consumo Cíclico,VAMOS,Endividamento,"2,4797784286041","2,57629027847762","0,096511849873513"
,Consumo Cíclico,VIAVAREJO,Endividamento,"6,44193420531114","7,87673404676972","1,43479984145858"
,Consumo Cíclico,VULCABRAS   ,Endividamento,"0,409268775585207","0,434078061568072","0,024809285982865"
,Tecnologia da Informação,WESTWING,Endividamento,"-4,55253853768915","-5,25837929571489","-0,705840758025738"
,Consumo Cíclico,WHIRLPOOL   ,Endividamento,"2,55191324189656","2,61860526648271","0,066692024586147"
,Bens Industriais,WILSON SONS ,Endividamento,"0,84118987459503","3,61613377208635","2,77494389749132"
,Bens Industriais,WLM IND COM ,Endividamento,"0,30443600275899","0,307053439986823","0,002617437227833"
,"Petróleo, Gás e Biocombustíveis",3R PETROLEUM,Participação de Terceiros,"3,62752371685721","3,76161517878862","0,134091461931404"
,Comunicações,ALGAR TELEC,Participação de Terceiros,"2,43111648570479","2,8001615823355","0,369045096630716"
,Saúde,ALLIAR,Participação de Terceiros,"1,28030996056532","1,61523034528571","0,334920384720397"
,Consumo Cíclico,ALPARGATAS  ,Participação de Terceiros,"0,62733761370561","0,769338001672328","0,142000387966718"
,Utilidade Pública,ALUPAR,Participação de Terceiros,"0,856141310949586","0,859470515863636","0,00332920491405"
,Consumo não Cíclico,AMBEV S/A,Participação de Terceiros,"1,13521518288975","1,18083759144755","0,045622408557794"
,Utilidade Pública,AMBIPAR,Participação de Terceiros,"1,43770369559209","1,46914777675224","0,031444081160146"
,Utilidade Pública,AMPLA ENERG ,Participação de Terceiros,"0,97718444528807","0,98485476691271","0,00767032162464"
,Consumo Cíclico,ANIMA,Participação de Terceiros,"1,48146230735534","2,38786075538893","0,906398448033588"
,Consumo Cíclico,AREZZO CO   ,Participação de Terceiros,"0,374369347689263","0,598500682680776","0,224131334991513"
,Bens Industriais,ATMASA,Participação de Terceiros,"1,38142140450108","1,74672171114651","0,365300306645429"
,Bens Industriais,AZUL,Participação de Terceiros,"1,15253229044782","2,29569674245354","1,14316445200572"
,Consumo Cíclico,B2W DIGITAL,Participação de Terceiros,"0,985937298386301","1,01499720221222","0,029059903825915"
,Consumo Cíclico,BAHEMA      ,Participação de Terceiros,"0,769074844074844","1,2404106029106","0,471335758835759"
,Bens Industriais,BBMLOGISTICA,Participação de Terceiros,"1,05769775520448","1,18561680937874","0,127919054174266"
,Consumo não Cíclico,BIOSEV,Participação de Terceiros,"2,18031178112399","2,57216645924466","0,391854678120665"
,Consumo Cíclico,BK BRASIL,Participação de Terceiros,"0,915728956585448","1,60900179030247","0,693272833717024"
,Consumo não Cíclico,BOMBRIL     ,Participação de Terceiros,"1,59324690546743","1,60375071739059","0,010503811923162"
,Consumo não Cíclico,BRASILAGRO  ,Participação de Terceiros,"0,364014006743129","0,446715821577122","0,082701814833993"
,Materiais Básicos,BRASKEM     ,Participação de Terceiros,"1,66655350448847","1,73825619460492","0,071702690116447"
,Consumo não Cíclico,BRF SA   ,Participação de Terceiros,"1,31115994988107","1,39203462787175","0,08087467799068"
,Consumo não Cíclico,CAMIL,Participação de Terceiros,"0,860191905290104","0,898478125953116","0,038286220663012"
,Consumo não Cíclico,CARREFOUR BR,Participação de Terceiros,"0,965938193614478","1,00431108075807","0,038372887143589"
,Bens Industriais,CCR SA      ,Participação de Terceiros,"2,0587584038763","2,07173165725659","0,012973253380291"
,Consumo Cíclico,CEA MODAS,Participação de Terceiros,"0,893661287980542","1,55075567817427","0,65709439019373"
,Consumo Cíclico,CEDRO       ,Participação de Terceiros,"1,27255679695897","1,28468483119088","0,012128034231904"
,Utilidade Pública,CEEE-D      ,Participação de Terceiros,"2,16446017901814","2,18376824988231","0,019308070864176"
,Utilidade Pública,CEG         ,Participação de Terceiros,"1,85559316076511","1,8646628192191","0,009069658453991"
,Utilidade Pública,CEMIG       ,Participação de Terceiros,"1,06638998134081","1,07470564505231","0,0083156637115"
,Consumo Cíclico,CENTAURO,Participação de Terceiros,"1,28989675758945","2,03243855507185","0,742541797482398"
,Comunicações,CINESYSTEM,Participação de Terceiros,"4,98529235442229","7,14563766436194","2,16034530993965"
,Consumo Cíclico,COGNA ON,Participação de Terceiros,"1,70352067891966","2,14547098191801","0,441950302998352"
,Utilidade Pública,COPASA      ,Participação de Terceiros,"1,15654649266591","1,16552042104732","0,008973928381409"
,Utilidade Pública,COPEL       ,Participação de Terceiros,"1,1738414553562","1,18091198318535","0,007070527829143"
,"Petróleo, Gás e Biocombustíveis",COSAN       ,Participação de Terceiros,"1,75627199379222","1,76329194156371","0,007019947771485"
,Materiais Básicos,CRISTAL,Participação de Terceiros,"0,316519271869703","0,332673741616921","0,016154469747218"
,Consumo Cíclico,CRUZEIRO EDU,Participação de Terceiros,"4,03864143317425","5,52155290199991","1,48291146882566"
,Bens Industriais,CSU CARDSYST,Participação de Terceiros,"1,16730538280897","1,94553701876372","0,778231635954747"
,Consumo Cíclico,CURY S/A,Participação de Terceiros,"0,707504498324933","2,18397538957618","1,47647089125124"
,Consumo Cíclico,CVC BRASIL,Participação de Terceiros,"0,878958714343642","0,895556626751958","0,016597912408316"
,Consumo Cíclico,CYRELA REALT,Participação de Terceiros,"0,484532788402078","0,486157849639665","0,001625061237587"
,Saúde,D1000VFARMA,Participação de Terceiros,"1,75482365249583","2,33122749129831","0,576403838802487"
,Saúde,DASA        ,Participação de Terceiros,"1,49726996532108","1,88926879579955","0,391998830478468"
,Consumo Cíclico,DIRECIONAL  ,Participação de Terceiros,"0,721395115497288","0,730246483363502","0,008851367866214"
,"Petróleo, Gás e Biocombustíveis",DOMMO,Participação de Terceiros,"2,58075426724368","5,72303638179411","3,14228211455043"
,Bens Industriais,DTCOM-DIRECT,Participação de Terceiros,"1,99653379549393","2,22398283403483","0,227449038540893"
,Materiais Básicos,DURATEX     ,Participação de Terceiros,"0,840004422725949","0,926934210391777","0,086929787665828"
,Utilidade Pública,ELETROBRAS  ,Participação de Terceiros,"1,04154874143661","1,04437907174284","0,002830330306223"
,Bens Industriais,EMBRAER     ,Participação de Terceiros,"0,631400865410759","0,636310261039082","0,004909395628323"
,"Petróleo, Gás e Biocombustíveis",ENAUTA PART,Participação de Terceiros,"0,282822207868883","0,56390402051066","0,281081812641778"
,Utilidade Pública,ENERGIAS BR ,Participação de Terceiros,"1,11495954645309","1,11569726333087","0,000737716877781"
,Utilidade Pública,ENERGISA    ,Participação de Terceiros,"1,40691400444711","1,40875273833161","0,001838733884499"
,Utilidade Pública,ENEVA,Participação de Terceiros,"2,05619658105051","2,08841833766621","0,032221756615695"
,Utilidade Pública,ENGIE BRASIL,Participação de Terceiros,"2,23634864912864","2,2480891603993","0,011740511270661"
,Utilidade Pública,EQUATORIAL  ,Participação de Terceiros,"0,980828507667857","0,983512636654882","0,002684128987025"
,Consumo Cíclico,ESPACOLASER,Participação de Terceiros,"1,44552237298067","1,61012972186581","0,16460734888514"
,Bens Industriais,ESTAPAR,Participação de Terceiros,"2,38808941593993","6,07785631989743","3,68976690395751"
,Bens Industriais,ETERNIT     ,Participação de Terceiros,"1,44965013848685","1,48220496053645","0,032554822049605"
,Materiais Básicos,EUCATEX     ,Participação de Terceiros,"4,38420379659683","5,15607357135832","0,771869774761483"
,Consumo não Cíclico,EXCELSIOR   ,Participação de Terceiros,"0,683132713183529","0,705299410801411","0,022166697617882"
,Consumo Cíclico,EZTEC       ,Participação de Terceiros,"0,124873991982167","0,130773816117393","0,005899824135227"
,Saúde,FLEURY      ,Participação de Terceiros,"1,45363805304852","1,99773929495607","0,544101241907551"
,Bens Industriais,FLEX S/A,Participação de Terceiros,"1,56663837241364","1,74174015062635","0,175101778212704"
,Bens Industriais,FRAS-LE     ,Participação de Terceiros,"0,811589116308163","0,903532914016981","0,091943797708819"
,Consumo Cíclico,GAFISA      ,Participação de Terceiros,"0,932638724510673","0,934683283698758","0,002044559188085"
,Materiais Básicos,GERDAU      ,Participação de Terceiros,"1,03784864277799","1,07210038716927","0,034251744391288"
,Bens Industriais,GOL         ,Participação de Terceiros,"2,57432276999","3,50328699871281","0,928964228722806"
,Materiais Básicos,GPC PART    ,Participação de Terceiros,"1,71293478547507","1,73259671422167","0,019661928746605"
,Consumo Cíclico,GRENDENE    ,Participação de Terceiros,"0,116190484579687","0,142783275856753","0,026592791277067"
,Consumo não Cíclico,GRUPO MATEUS,Participação de Terceiros,"0,66654603280273","0,76825192222988","0,101705889427149"
,Consumo não Cíclico,GRUPO NATURA      ,Participação de Terceiros,"1,56310958230238","1,80110640614529","0,237996823842906"
,Consumo Cíclico,GRUPO SOMA,Participação de Terceiros,"0,921867576685416","1,17639556440796","0,25452798772254"
,Consumo Cíclico,GUARARAPES  ,Participação de Terceiros,"1,63560042193893","1,74980147878088","0,114201056841955"
,Saúde,HAPVIDA,Participação de Terceiros,"0,292340418288072","0,477851196627048","0,185510778338976"
,Consumo Cíclico,HELBOR      ,Participação de Terceiros,"0,788308685433937","0,794403208565458","0,006094523131522"
,Bens Industriais,HIDROVIAS,Participação de Terceiros,"2,10164215756432","2,12767943145894","0,026037273894628"
,Saúde,HYPERA,Participação de Terceiros,"0,502001160296138","0,514260293684624","0,012259133388485"
,Utilidade Pública,IGUA SA  ,Participação de Terceiros,"1,20441969986668","1,21140388034296","0,006984180476279"
,Bens Industriais,INDS ROMI   ,Participação de Terceiros,"1,00049515487099","1,0074240146804","0,006928859809415"
,Consumo Cíclico,INTER SA ,Participação de Terceiros,"0,990139297362998","0,994534786448602","0,004395489085604"
,Saúde,INTERMEDICA,Participação de Terceiros,"1,10799708452635","1,2512961174701","0,143299032943749"
,Consumo Cíclico,IOCHP-MAXION,Participação de Terceiros,"1,48981054942152","1,50852729805256","0,01871674863104"
,Materiais Básicos,IRANI ,Participação de Terceiros,"2,09070161028967","2,13463606013166","0,043934449841989"
,Consumo não Cíclico,JALLESMACHAD,Participação de Terceiros,"0,88786956698951","1,24366265532895","0,355793088339439"
,Consumo não Cíclico,JBS         ,Participação de Terceiros,"1,74345705709914","1,84209262202751","0,098635564928375"
,Consumo Cíclico,JHSF PART   ,Participação de Terceiros,"1,83625897476184","1,88674466775543","0,050485692993596"
,Consumo não Cíclico,JOSAPAR     ,Participação de Terceiros,"0,908723245885284","0,911240308247687","0,002517062362404"
,Bens Industriais,JSL         ,Participação de Terceiros,"2,11751836907101","2,27616478877179","0,158646419700784"
,Consumo Cíclico,KARSTEN     ,Participação de Terceiros,"2,95821991175228","3,00545406303128","0,047234151279002"
,Bens Industriais,KEPLER WEBER,Participação de Terceiros,"0,452128929429566","0,464857335708066","0,0127284062785"
,Materiais Básicos,KLABIN S/A  ,Participação de Terceiros,"1,34989745389867","1,37168776267997","0,021790308781309"
,Utilidade Pública,LIGHT S/A   ,Participação de Terceiros,"1,14329068606868","1,14934330858478","0,0060526225161"
,Tecnologia da Informação,LINX,Participação de Terceiros,"0,815822451638575","0,956387594182583","0,140565142544008"
,Consumo Cíclico,LOCALIZA    ,Participação de Terceiros,"2,80729005667182","2,96147166409067","0,154181607418856"
,Tecnologia da Informação,LOCAWEB,Participação de Terceiros,"1,93897056174107","2,59985406983029","0,660883508089216"
,Bens Industriais,LOG-IN      ,Participação de Terceiros,"2,57367286098439","2,73493990394941","0,161267042965025"
,Consumo Cíclico,LOJAS MARISA,Participação de Terceiros,"0,775773007670346","1,00870508763932","0,232932079968976"
,Consumo Cíclico,LOJAS RENNER,Participação de Terceiros,"0,78599982589098","1,10801203516485","0,322012209273874"
,Consumo não Cíclico,M.DIASBRANCO,Participação de Terceiros,"0,788279205803495","0,813317766359189","0,025038560555693"
,Consumo Cíclico,MAGAZ LUIZA ,Participação de Terceiros,"0,910116667986414","1,18305458637839","0,272937918391973"
,Materiais Básicos,MANGELS INDL,Participação de Terceiros,"3,42549796967731","3,4538359883707","0,028338018693385"
,Bens Industriais,MARCOPOLO   ,Participação de Terceiros,"0,834233765298876","0,843516986753088","0,009283221454212"
,Consumo não Cíclico,MARFRIG     ,Participação de Terceiros,"1,53288461832032","1,56379267433657","0,030908056016251"
,Materiais Básicos,METAL IGUACU,Participação de Terceiros,"0,964635358379","1,01257719464643","0,047941836267434"
,Consumo Cíclico,METAL LEVE  ,Participação de Terceiros,"0,800508301453679","0,819985156533743","0,019476855080064"
,Bens Industriais,METALFRIO   ,Participação de Terceiros,"0,977020675986126","0,989580924638508","0,012560248652382"
,Bens Industriais,MILLS       ,Participação de Terceiros,"0,497485649760045","0,606238825632822","0,108753175872777"
,Bens Industriais,MINASMAQUINA,Participação de Terceiros,"0,42981109994811","0,444454469677733","0,014643369729622"
,Consumo não Cíclico,MINERVA     ,Participação de Terceiros,"1,53639648065419","1,54437031674229","0,007973836088102"
,Consumo Cíclico,MITRE REALTY,Participação de Terceiros,"0,869201329173707","0,882301141388407","0,0130998122147"
,Tecnologia da Informação,MOBLY,Participação de Terceiros,"1,27146558105107","1,47505116036052","0,203585579309444"
,Consumo Cíclico,MOURA DUBEUX,Participação de Terceiros,"1,12786846220464","1,12991587349146","0,002047411286825"
,Consumo Cíclico,MOVIDA,Participação de Terceiros,"2,21227138222397","2,3656966110173","0,153425228793334"
,Bens Industriais,MRS LOGIST  ,Participação de Terceiros,"2,71640159589004","4,0397814369777","1,32337984108766"
,Consumo Cíclico,MRV         ,Participação de Terceiros,"0,66411577373919","0,669494833310621","0,00537905957143"
,Tecnologia da Informação,NEOGRID,Participação de Terceiros,"2,56051840676637","2,64267471282118","0,08215630605481"
,"Petróleo, Gás e Biocombustíveis",OCEANPACT,Participação de Terceiros,"2,51179410107082","2,80653015216983","0,294736051099004"
,Comunicações,OI,Participação de Terceiros,"1,42062578883794","1,69338162211462","0,272755833276676"
,Utilidade Pública,OMEGA GER,Participação de Terceiros,"4,13901870018619","4,23787358055946","0,098854880373268"
,Utilidade Pública,ORIZON,Participação de Terceiros,"3,10496949182033","3,15078119130191","0,045811699481579"
,"Petróleo, Gás e Biocombustíveis",OSX BRASIL  ,Participação de Terceiros,"277,403692278029","300,348500915839","22,9448086378097"
,Consumo não Cíclico,P.ACUCAR-CBD,Participação de Terceiros,"0,965484727426118","1,08881505596932","0,123330328543199"
,Saúde,PAGUE MENOS,Participação de Terceiros,"0,919223155931966","1,5625755131169","0,64335235718493"
,Materiais Básicos,PARANAPANEMA,Participação de Terceiros,"1,19898874571848","1,2093386413697","0,010349895651225"
,"Petróleo, Gás e Biocombustíveis",PET MANGUINH,Participação de Terceiros,"2,68104096459202","2,68270129152974","0,001660326937726"
,"Petróleo, Gás e Biocombustíveis",PETROBRAS   ,Participação de Terceiros,"2,06288080322664","2,06325154109099","0,000370737864355"
,"Petróleo, Gás e Biocombustíveis",PETRORIO,Participação de Terceiros,"0,483314085460555","1,44400498151842","0,960690896057867"
,Consumo Cíclico,PETTENATI   ,Participação de Terceiros,"1,61761174012281","1,61874187945349","0,001130139330679"
,Bens Industriais,PORTOBELLO  ,Participação de Terceiros,"1,10037071799289","1,12070063557778","0,02032991758489"
,Bens Industriais,PRINER,Participação de Terceiros,"1,07511406181317","1,14064844709199","0,065534385278826"
,Saúde,PROFARMA    ,Participação de Terceiros,"0,907110405100361","1,02706315220857","0,119952747108211"
,Saúde,QUALICORP   ,Participação de Terceiros,"1,09699543232263","1,1566607753575","0,059665343034866"
,Consumo Cíclico,QUERO-QUERO,Participação de Terceiros,"0,949328994475158","1,08977798134131","0,140448986866151"
,Saúde,RAIADROGASIL    ,Participação de Terceiros,"0,829355304990139","1,50209088313983","0,672735578149689"
,Bens Industriais,RANDON PART ,Participação de Terceiros,"0,920638649687024","0,948112820150389","0,027474170463366"
,Saúde,REDE D OR,Participação de Terceiros,"1,59758431806314","1,85230386011145","0,254719542048311"
,Utilidade Pública,SABESP      ,Participação de Terceiros,"1,69193985783958","1,69651646157615","0,004576603736574"
,Bens Industriais,SANTOS BRP  ,Participação de Terceiros,"2,00756340771478","2,04899013422535","0,041426726510565"
,Consumo não Cíclico,SAO MARTINHO,Participação de Terceiros,"1,76995155380278","2,35790414657355","0,587952592770765"
,Consumo Cíclico,SARAIVA LIVR,Participação de Terceiros,"1,1845462504937","1,65804795324545","0,473501702751746"
,Bens Industriais,SEQUOIA LOG,Participação de Terceiros,"1,39877821979727","2,12639020605225","0,727611986254973"
,Consumo Cíclico,SER EDUCA,Participação de Terceiros,"0,729123045505899","1,03927387018343","0,310150824677526"
,Materiais Básicos,SID NACIONAL,Participação de Terceiros,"1,55287930408658","1,57955498376418","0,026675679677603"
,Tecnologia da Informação,SINQIA,Participação de Terceiros,"1,19772179627601","1,56156261409273","0,363840817816721"
,Consumo não Cíclico,SLC AGRICOLA,Participação de Terceiros,"1,07456329298376","1,25484468868962","0,180281395705861"
,Consumo Cíclico,SMART FIT,Participação de Terceiros,"2,69725433673521","4,55261041143097","1,85535607469576"
,Bens Industriais,SONDOTECNICA,Participação de Terceiros,"0,166331569516535","0,195733189760328","0,029401620243794"
,Consumo Cíclico,SPRINGS     ,Participação de Terceiros,"0,885246696411049","1,00878206685074","0,123535370439691"
,Utilidade Pública,STATKRAFT,Participação de Terceiros,"1,77085550339071","1,77945400799861","0,008598504607894"
,Materiais Básicos,SUZANO S.A.,Participação de Terceiros,"1,14630102472753","1,24009383830268","0,093792813575152"
,Utilidade Pública,TAESA       ,Participação de Terceiros,"0,474272825183459","0,478881111467615","0,004608286284156"
,Consumo Cíclico,TECNISA     ,Participação de Terceiros,"1,02265271217532","1,02708098863022","0,004428276454898"
,Bens Industriais,TEGMA       ,Participação de Terceiros,"0,814956790324643","0,94948968207607","0,134532891751427"
,Comunicações,TELEF BRASIL,Participação de Terceiros,"1,18492812694115","1,51482732937496","0,329899202433807"
,Consumo não Cíclico,TERRA SANTA,Participação de Terceiros,"1,46614016691386","1,66190549665322","0,195765329739364"
,Comunicações,TIM,Participação de Terceiros,"1,20757887279155","1,73092161282319","0,52334274003164"
,Consumo Cíclico,TIME FOR FUN,Participação de Terceiros,"0,629799307456625","0,697338602947842","0,067539295491216"
,Tecnologia da Informação,TOTVS       ,Participação de Terceiros,"0,829320022795724","1,00571396779427","0,176393944998549"
,Consumo Cíclico,TRACK FIELD,Participação de Terceiros,"0,330201717243002","0,707282110091743","0,377080392848741"
,Consumo Cíclico,TRISUL      ,Participação de Terceiros,"0,461855482227384","0,467886468626816","0,006030986399433"
,Bens Industriais,TRIUNFO PART,Participação de Terceiros,"5,66209302194106","5,70221935780525","0,040126335864196"
,Bens Industriais,TUPY        ,Participação de Terceiros,"0,889091554932237","0,897173465280746","0,008081910348509"
,"Petróleo, Gás e Biocombustíveis",ULTRAPAR    ,Participação de Terceiros,"1,1765587714871","1,94887822558423","0,77231945409713"
,Consumo Cíclico,UNIDAS      ,Participação de Terceiros,"1,04294133174629","1,05036120754937","0,007419875803078"
,Materiais Básicos,VALE        ,Participação de Terceiros,"1,51532641337578","1,57825534102284","0,062928927647064"
,Bens Industriais,VALID       ,Participação de Terceiros,"1,20850152707418","1,21896434166556","0,010462814591385"
,Consumo Cíclico,VAMOS,Participação de Terceiros,"2,83371851257925","2,94400554972546","0,110287037146215"
,Consumo Cíclico,VIAVAREJO,Participação de Terceiros,"1,02919199594732","1,25778481012658","0,228592814179267"
,Consumo Cíclico,VULCABRAS   ,Participação de Terceiros,"0,45051756009555","0,477827288214269","0,027309728118719"
,Tecnologia da Informação,WESTWING,Participação de Terceiros,"1,46896960846947","1,69672355571781","0,227753947248334"
,Consumo Cíclico,WHIRLPOOL   ,Participação de Terceiros,"0,815055302816329","0,834128442400367","0,019073139584037"
,Bens Industriais,WILSON SONS ,Participação de Terceiros,"1,61813391610981","2,82650311988696","1,20836920377715"
,Bens Industriais,WLM IND COM ,Participação de Terceiros,"0,595180710767172","0,600297872126314","0,005117161359142"
,"Petróleo, Gás e Biocombustíveis",3R PETROLEUM,Imobilização de PL,"1,16883076285856","1,17744677026716","0,008616007408594"
,Comunicações,ALGAR TELEC,Imobilização de PL,"2,15632237662569","2,45450673555442","0,298184358928725"
,Saúde,ALLIAR,Imobilização de PL,"1,15324318002758","1,33634143564113","0,183098255613551"
,Consumo Cíclico,ALPARGATAS  ,Imobilização de PL,"0,63675512321051","0,775167035246846","0,138411912036336"
,Utilidade Pública,ALUPAR,Imobilização de PL,"0,776067364356919","0,781249655645128","0,005182291288209"
,Consumo não Cíclico,AMBEV S/A,Imobilização de PL,"1,07931611223903","1,10607784121392","0,026761728974884"
,Utilidade Pública,AMBIPAR,Imobilização de PL,"1,46225183798221","1,49545942671476","0,033207588732549"
,Utilidade Pública,AMPLA ENERG ,Imobilização de PL,"0,958581923136009","0,972506194302415","0,013924271166406"
,Consumo Cíclico,ANIMA,Imobilização de PL,"1,38164657143415","2,10013243161583","0,718485860181676"
,Consumo Cíclico,AREZZO CO   ,Imobilização de PL,"0,216060629064501","0,496905848382353","0,280845219317853"
,Bens Industriais,ATMASA,Imobilização de PL,"5,21907398751094","9,25982524900219","4,04075126149126"
,Bens Industriais,AZUL,Imobilização de PL,"1,36099345702816","-7,46302556958988","-8,82401902661804"
,Consumo Cíclico,B2W DIGITAL,Imobilização de PL,"0,961731524137609","1,04108344987708","0,079351925739472"
,Consumo Cíclico,BAHEMA      ,Imobilização de PL,"0,885112159803478","1,11960695584718","0,2344947960437"
,Bens Industriais,BBMLOGISTICA,Imobilização de PL,"1,11669749115471","1,37542216146671","0,258724670311997"
,Consumo não Cíclico,BIOSEV,Imobilização de PL,"9,44193631931177","12,2445959995946","2,80265968028286"
,Consumo Cíclico,BK BRASIL,Imobilização de PL,"0,956656532476004","1,31323036063741","0,356573828161402"
,Consumo não Cíclico,BOMBRIL     ,Imobilização de PL,"-0,417425814763722","-0,442522235893102","-0,02509642112938"
,Consumo não Cíclico,BRASILAGRO  ,Imobilização de PL,"0,191680240684901","0,296791849698804","0,105111609013903"
,Materiais Básicos,BRASKEM     ,Imobilização de PL,"4,60514984576007","4,97830936015722","0,373159514397149"
,Consumo não Cíclico,BRF SA   ,Imobilização de PL,"2,09809730160625","2,41710755199405","0,319010250387803"
,Consumo não Cíclico,CAMIL,Imobilização de PL,"0,830093379097005","0,876634772158708","0,046541393061703"
,Consumo não Cíclico,CARREFOUR BR,Imobilização de PL,"0,943190716879049","1,00719629497684","0,064005578097795"
,Bens Industriais,CCR SA      ,Imobilização de PL,"2,36504353155216","2,38176977952821","0,016726247976042"
,Consumo Cíclico,CEA MODAS,Imobilização de PL,"0,747798955910959","2,30621440146937","1,55841544555841"
,Consumo Cíclico,CEDRO       ,Imobilização de PL,"1,51396495464804","1,53683499360329","0,022870038955252"
,Utilidade Pública,CEEE-D      ,Imobilização de PL,"-0,486842815611529","-0,511496356337949","-0,02465354072642"
,Utilidade Pública,CEG         ,Imobilização de PL,"1,70014930370043","1,70767515216754","0,007525848467114"
,Utilidade Pública,CEMIG       ,Imobilização de PL,"1,17152712909397","1,19301172502453","0,021484595930556"
,Consumo Cíclico,CENTAURO,Imobilização de PL,"2,88613525258012","7,71728366690344","4,83114841432332"
,Comunicações,CINESYSTEM,Imobilização de PL,"3,43899814108209","4,86104554813439","1,4220474070523"
,Consumo Cíclico,COGNA ON,Imobilização de PL,"1,34214573749532","1,56363451385958","0,221488776364257"
,Utilidade Pública,COPASA      ,Imobilização de PL,"1,10764340856447","1,11381399867312","0,006170590108651"
,Utilidade Pública,COPEL       ,Imobilização de PL,"1,17762867210236","1,18485323466012","0,007224562557763"
,"Petróleo, Gás e Biocombustíveis",COSAN       ,Imobilização de PL,"1,70433876434536","1,71098328657172","0,006644522226361"
,Materiais Básicos,CRISTAL,Imobilização de PL,"0,255097328144641","0,277580539643535","0,022483211498895"
,Consumo Cíclico,CRUZEIRO EDU,Imobilização de PL,"3,16649297925266","4,22378037453048","1,05728739527782"
,Bens Industriais,CSU CARDSYST,Imobilização de PL,"1,09081736458571","1,51326011584695","0,422442751261237"
,Consumo Cíclico,CURY S/A,Imobilização de PL,"0,066332609253794","4,77933748164559","4,7130048723918"
,Consumo Cíclico,CVC BRASIL,Imobilização de PL,"0,05505083541278","0,184627974147561","0,129577138734781"
,Consumo Cíclico,CYRELA REALT,Imobilização de PL,"0,175587610339176","0,178186651729357","0,002599041390181"
,Saúde,D1000VFARMA,Imobilização de PL,"1,45792460890616","1,84731162600099","0,389387017094833"
,Saúde,DASA        ,Imobilização de PL,"1,39018948840209","1,69777658150121","0,30758709309912"
,Consumo Cíclico,DIRECIONAL  ,Imobilização de PL,"0,096799916168799","0,125494876822683","0,028694960653883"
,"Petróleo, Gás e Biocombustíveis",DOMMO,Imobilização de PL,"-0,65287631194367","-2,1910713856487","-1,53819507370503"
,Bens Industriais,DTCOM-DIRECT,Imobilização de PL,"2,87704026115343","3,36576806508215","0,488727803928723"
,Materiais Básicos,DURATEX     ,Imobilização de PL,"0,800812838858159","0,909036440527851","0,108223601669692"
,Utilidade Pública,ELETROBRAS  ,Imobilização de PL,"1,08917221583951","1,09524669165363","0,006074475814115"
,Bens Industriais,EMBRAER     ,Imobilização de PL,"0,47409708578975","0,48110162059644","0,00700453480669"
,"Petróleo, Gás e Biocombustíveis",ENAUTA PART,Imobilização de PL,"0,410395466664917","0,641477790727366","0,231082324062449"
,Utilidade Pública,ENERGIAS BR ,Imobilização de PL,"1,13958599343992","1,1404817428269","0,000895749386976"
,Utilidade Pública,ENERGISA    ,Imobilização de PL,"2,45247562309757","2,45903896600396","0,006563342906391"
,Utilidade Pública,ENEVA,Imobilização de PL,"1,49175159296486","1,50675362992291","0,015002036958058"
,Utilidade Pública,ENGIE BRASIL,Imobilização de PL,"2,52323672348268","2,53750488286117","0,014268159378487"
,Utilidade Pública,EQUATORIAL  ,Imobilização de PL,"0,943465696181109","0,951380852759043","0,007915156577934"
,Consumo Cíclico,ESPACOLASER,Imobilização de PL,"1,86834928323882","2,18917867832388","0,320829395085066"
,Bens Industriais,ESTAPAR,Imobilização de PL,"1,41532530632224","2,92277539506163","1,50745008873938"
,Bens Industriais,ETERNIT     ,Imobilização de PL,"15,1007346938776","16,1216326530612","1,02089795918367"
,Materiais Básicos,EUCATEX     ,Imobilização de PL,"1,13621596798011","1,16728412901387","0,031068161033758"
,Consumo não Cíclico,EXCELSIOR   ,Imobilização de PL,"0,618104869066271","0,644820640120455","0,026715771054184"
,Consumo Cíclico,EZTEC       ,Imobilização de PL,"0,104225160901809","0,110264192957787","0,006039032055979"
,Saúde,FLEURY      ,Imobilização de PL,"1,38528001481176","1,84739145615245","0,462111441340693"
,Bens Industriais,FLEX S/A,Imobilização de PL,"2,46323960572976","2,91808573106283","0,454846125333067"
,Bens Industriais,FRAS-LE     ,Imobilização de PL,"0,803212108013937","0,899243854045683","0,096031746031746"
,Consumo Cíclico,GAFISA      ,Imobilização de PL,"0,702259368074438","0,711296434849784","0,009037066775347"
,Materiais Básicos,GERDAU      ,Imobilização de PL,"1,03563025889129","1,06787444073153","0,032244181840241"
,Bens Industriais,GOL         ,Imobilização de PL,"-1,02027566775596","-1,08484530960479","-0,064569641848827"
,Materiais Básicos,GPC PART    ,Imobilização de PL,"2,44076314316928","2,4804977484079","0,039734605238616"
,Consumo Cíclico,GRENDENE    ,Imobilização de PL,"0,131317600190705","0,157455234308848","0,026137634118144"
,Consumo não Cíclico,GRUPO MATEUS,Imobilização de PL,"0,440400019994751","0,609985462930473","0,169585442935721"
,Consumo não Cíclico,GRUPO NATURA      ,Imobilização de PL,"2,79214226942056","3,57544307701847","0,783300807597907"
,Consumo Cíclico,GRUPO SOMA,Imobilização de PL,"0,862401980579552","1,3106479905194","0,448246009939849"
,Consumo Cíclico,GUARARAPES  ,Imobilização de PL,"-0,756127116175022","-1,07165801529591","-0,315530899120884"
,Saúde,HAPVIDA,Imobilização de PL,"0,146878340920531","0,37052155452729","0,223643213606759"
,Consumo Cíclico,HELBOR      ,Imobilização de PL,"0,301470338669602","0,32158077724739","0,020110438577788"
,Bens Industriais,HIDROVIAS,Imobilização de PL,"2,02510353730254","2,0493318235821","0,024228286279557"
,Saúde,HYPERA,Imobilização de PL,"0,725002186754787","0,731771750467264","0,006769563712477"
,Utilidade Pública,IGUA SA  ,Imobilização de PL,"1,40547796404554","1,41933147856442","0,013853514518879"
,Bens Industriais,INDS ROMI   ,Imobilização de PL,"1,00082494152837","1,01236861106671","0,011543669538345"
,Consumo Cíclico,INTER SA ,Imobilização de PL,"0,861929638396865","0,92347563464207","0,061545996245205"
,Saúde,INTERMEDICA,Imobilização de PL,"1,14227809911263","1,33106388070417","0,188785781591537"
,Consumo Cíclico,IOCHP-MAXION,Imobilização de PL,"1,59830071779916","1,62116311664713","0,02286239884797"
,Materiais Básicos,IRANI ,Imobilização de PL,"3,06927591299765","3,15262822306226","0,083352310064608"
,Consumo não Cíclico,JALLESMACHAD,Imobilização de PL,"0,862308402152152","1,29920780155155","0,436899399399399"
,Consumo não Cíclico,JBS         ,Imobilização de PL,"2,31530688115873","2,48953228906241","0,174225407903681"
,Consumo Cíclico,JHSF PART   ,Imobilização de PL,"1,5117706576431","1,54345819202401","0,031687534380916"
,Consumo não Cíclico,JOSAPAR     ,Imobilização de PL,"0,82438792517496","0,829230631822592","0,004842706647633"
,Bens Industriais,JSL         ,Imobilização de PL,"5,72122632428019","6,39146645068347","0,670240126403282"
,Consumo Cíclico,KARSTEN     ,Imobilização de PL,"-0,531835321159102","-0,568784665234254","-0,036949344075152"
,Bens Industriais,KEPLER WEBER,Imobilização de PL,"0,276700867297772","0,29350490335015","0,016804036052378"
,Materiais Básicos,KLABIN S/A  ,Imobilização de PL,"1,9165025569282","1,97357891885025","0,057076361922051"
,Utilidade Pública,LIGHT S/A   ,Imobilização de PL,"1,53520675074613","1,55781397330337","0,022607222557245"
,Tecnologia da Informação,LINX,Imobilização de PL,"0,873911402570353","0,97057157099495","0,096660168424598"
,Consumo Cíclico,LOCALIZA    ,Imobilização de PL,"3,26721602843755","3,46063435126838","0,193418322830829"
,Tecnologia da Informação,LOCAWEB,Imobilização de PL,"2,7063696040074","3,90737800186619","1,20100839785879"
,Bens Industriais,LOG-IN      ,Imobilização de PL,"-1,58258395440843","-1,84724231375502","-0,264658359346581"
,Consumo Cíclico,LOJAS MARISA,Imobilização de PL,"0,350339084538505","1,0252215629625","0,674882478423994"
,Consumo Cíclico,LOJAS RENNER,Imobilização de PL,"0,664942981586603","1,16911290192064","0,504169920334039"
,Consumo não Cíclico,M.DIASBRANCO,Imobilização de PL,"0,891556989292938","0,904427523717272","0,012870534424335"
,Consumo Cíclico,MAGAZ LUIZA ,Imobilização de PL,"0,721506015097669","1,56717524899343","0,845669233895761"
,Materiais Básicos,MANGELS INDL,Imobilização de PL,"-0,386155853072434","-0,402350841057329","-0,016194987984895"
,Bens Industriais,MARCOPOLO   ,Imobilização de PL,"0,719524358074065","0,735231522450484","0,015707164376419"
,Consumo não Cíclico,MARFRIG     ,Imobilização de PL,"2,94918307280689","3,06223842762299","0,113055354816098"
,Materiais Básicos,METAL IGUACU,Imobilização de PL,"0,881797780886348","1,04203781656733","0,16024003568098"
,Consumo Cíclico,METAL LEVE  ,Imobilização de PL,"0,822584281206645","0,839905805205105","0,01732152399846"
,Bens Industriais,METALFRIO   ,Imobilização de PL,"0,649982274977987","0,841298157741261","0,191315882763274"
,Bens Industriais,MILLS       ,Imobilização de PL,"0,644131950969534","0,721148220266584","0,07701626929705"
,Bens Industriais,MINASMAQUINA,Imobilização de PL,"0,225087212573615","0,244988221613714","0,019901009040099"
,Consumo não Cíclico,MINERVA     ,Imobilização de PL,"-14,218389048666","-14,4446189815153","-0,226229932849353"
,Consumo Cíclico,MITRE REALTY,Imobilização de PL,"0,137757380302654","0,224113123294468","0,086355742991814"
,Tecnologia da Informação,MOBLY,Imobilização de PL,"-6,85975417585881","-12,7541758588087","-5,89442168294989"
,Consumo Cíclico,MOURA DUBEUX,Imobilização de PL,"1,99939584146452","2,01539802285109","0,016002181386571"
,Consumo Cíclico,MOVIDA,Imobilização de PL,"1,45562050891001","1,5132839016515","0,057663392741493"
,Bens Industriais,MRS LOGIST  ,Imobilização de PL,"1,6862325571958","2,21533153651715","0,529098979321353"
,Consumo Cíclico,MRV         ,Imobilização de PL,"0,090869050212675","0,105428440487049","0,014559390274374"
,Tecnologia da Informação,NEOGRID,Imobilização de PL,"2,00802639656231","2,06109576427256","0,053069367710252"
,"Petróleo, Gás e Biocombustíveis",OCEANPACT,Imobilização de PL,"2,363095560735","2,62884167163532","0,26574611090032"
,Comunicações,OI,Imobilização de PL,"1,55014596338169","1,90688947423614","0,356743510854453"
,Utilidade Pública,OMEGA GER,Imobilização de PL,"1,91219102988879","1,94091801234731","0,028726982458523"
,Utilidade Pública,ORIZON,Imobilização de PL,"-5,50412990884876","-5,64568314557318","-0,141553236724421"
,"Petróleo, Gás e Biocombustíveis",OSX BRASIL  ,Imobilização de PL,"-0,432136687415101","-0,551021142123733","-0,118884454708632"
,Consumo não Cíclico,P.ACUCAR-CBD,Imobilização de PL,"0,900208049357917","1,30268257466373","0,402474525305812"
,Saúde,PAGUE MENOS,Imobilização de PL,"0,800135751652049","2,39196738081732","1,59183162916527"
,Materiais Básicos,PARANAPANEMA,Imobilização de PL,"2,10762377240053","2,16523401776274","0,057610245362218"
,"Petróleo, Gás e Biocombustíveis",PET MANGUINH,Imobilização de PL,"-0,068635567067058","-0,069691034754036","-0,001055467686978"
,"Petróleo, Gás e Biocombustíveis",PETROBRAS   ,Imobilização de PL,"1,70841664501953","1,70866495164651","0,00024830662698"
,"Petróleo, Gás e Biocombustíveis",PETRORIO,Imobilização de PL,"0,418760830565664","1,49947768928927","1,08071685872361"
,Consumo Cíclico,PETTENATI   ,Imobilização de PL,"-0,030611332365953","-0,032301170325735","-0,001689837959782"
,Bens Industriais,PORTOBELLO  ,Imobilização de PL,"1,32336794432785","1,3888655694245","0,065497625096653"
,Bens Industriais,PRINER,Imobilização de PL,"1,14987373164572","1,280633307626","0,130759575980281"
,Saúde,PROFARMA    ,Imobilização de PL,"0,812585254173721","1,05617365164498","0,243588397471263"
,Saúde,QUALICORP   ,Imobilização de PL,"1,04486953242163","1,07243373899046","0,027564206568829"
,Consumo Cíclico,QUERO-QUERO,Imobilização de PL,"0,604250807754443","1,73850723140496","1,13425642365052"
,Saúde,RAIADROGASIL    ,Imobilização de PL,"0,777801761756857","1,66084968562165","0,883047923864793"
,Bens Industriais,RANDON PART ,Imobilização de PL,"0,840756376282971","0,895885055998623","0,055128679715652"
,Saúde,REDE D OR,Imobilização de PL,"2,19800442915397","2,70865226635793","0,510647837203966"
,Utilidade Pública,SABESP      ,Imobilização de PL,"1,50228865149648","1,5056108710409","0,00332221954442"
,Bens Industriais,SANTOS BRP  ,Imobilização de PL,"1,56777620613111","1,59112075142772","0,023344545296605"
,Consumo não Cíclico,SAO MARTINHO,Imobilização de PL,"1,81559358421237","2,43839947390306","0,622805889690682"
,Consumo Cíclico,SARAIVA LIVR,Imobilização de PL,"2,10516217602011","4,94074496766404","2,83558279164392"
,Bens Industriais,SEQUOIA LOG,Imobilização de PL,"1,72191750278707","3,03913043478261","1,31721293199554"
,Consumo Cíclico,SER EDUCA,Imobilização de PL,"0,757718747428671","1,03512784053237","0,277409093103704"
,Materiais Básicos,SID NACIONAL,Imobilização de PL,"1,60310352455835","1,63220245503854","0,029098930480191"
,Tecnologia da Informação,SINQIA,Imobilização de PL,"1,15850660297836","1,45018497705348","0,291678374075115"
,Consumo não Cíclico,SLC AGRICOLA,Imobilização de PL,"1,07351168421682","1,25125046828825","0,177738784071437"
,Consumo Cíclico,SMART FIT,Imobilização de PL,"2,37810706109939","3,88458682199969","1,5064797609003"
,Bens Industriais,SONDOTECNICA,Imobilização de PL,"0,006984247865646","0,042005691610886","0,03502144374524"
,Consumo Cíclico,SPRINGS     ,Imobilização de PL,"0,814220983183929","1,01421766253447","0,199996679350541"
,Utilidade Pública,STATKRAFT,Imobilização de PL,"1,361653336727","1,36568739741494","0,004034060687936"
,Materiais Básicos,SUZANO S.A.,Imobilização de PL,"1,44474737307328","1,73421014065544","0,289462767582159"
,Utilidade Pública,TAESA       ,Imobilização de PL,"0,019476156439166","0,028070984319514","0,008594827880348"
,Consumo Cíclico,TECNISA     ,Imobilização de PL,"1,03266675867851","1,03905263588359","0,006385877205089"
,Bens Industriais,TEGMA       ,Imobilização de PL,"0,847621249783225","0,958405935933539","0,110784686150314"
,Comunicações,TELEF BRASIL,Imobilização de PL,"1,06746463583804","1,1878169582435","0,120352322405453"
,Consumo não Cíclico,TERRA SANTA,Imobilização de PL,"1,47243897638842","1,6708496231403","0,198410646751879"
,Comunicações,TIM,Imobilização de PL,"1,10562294602375","1,37159411820365","0,265971172179897"
,Consumo Cíclico,TIME FOR FUN,Imobilização de PL,"0,389503109303994","0,500881966036833","0,111378856732839"
,Tecnologia da Informação,TOTVS       ,Imobilização de PL,"0,82377466581795","1,00589961342007","0,182124947602118"
,Consumo Cíclico,TRACK FIELD,Imobilização de PL,"0,09449225815428","0,604271431694858","0,509779173540578"
,Consumo Cíclico,TRISUL      ,Imobilização de PL,"0,055827647708292","0,066408988644293","0,010581340936001"
,Bens Industriais,TRIUNFO PART,Imobilização de PL,"3,52982128193932","3,55159529158644","0,021774009647114"
,Bens Industriais,TUPY        ,Imobilização de PL,"0,846436508250366","0,857626696448986","0,01119018819862"
,"Petróleo, Gás e Biocombustíveis",ULTRAPAR    ,Imobilização de PL,"1,03484106072064","1,18408373054889","0,149242669828248"
,Consumo Cíclico,UNIDAS      ,Imobilização de PL,"1,02161879629631","1,02535432980232","0,003735533506004"
,Materiais Básicos,VALE        ,Imobilização de PL,"1,32900744459734","1,36918408825274","0,040176643655395"
,Bens Industriais,VALID       ,Imobilização de PL,"1,2723600106412","1,28602730763147","0,013667296990265"
,Consumo Cíclico,VAMOS,Imobilização de PL,"2,60468147822034","2,70119332809386","0,096511849873513"
,Consumo Cíclico,VIAVAREJO,Imobilização de PL,"1,18271898533492","2,61434799841459","1,43162901307967"
,Consumo Cíclico,VULCABRAS   ,Imobilização de PL,"0,500827436476459","0,525636722459324","0,024809285982865"
,Tecnologia da Informação,WESTWING,Imobilização de PL,"-0,453401216235327","-1,15924197426107","-0,705840758025739"
,Consumo Cíclico,WHIRLPOOL   ,Imobilização de PL,"0,420943805738402","0,479274279342212","0,05833047360381"
,Bens Industriais,WILSON SONS ,Imobilização de PL,"1,32133804637469","3,33676714176366","2,01542909538897"
,Bens Industriais,WLM IND COM ,Imobilização de PL,"0,792934206327146","0,795551643554979","0,002617437227833"
